Dataset,Samples,Features,Majority_Count,Minority_Count,Imbalance_Ratio,Validation,Repeats,Folds,Base_Seed,N_ITER,Actual_Iterations,Learning_Rate,Tree_Depth,Threshold,Proposed_Method,GMM_Input,Cluster_Selection,Sampling
yeast1,1484,8,1055,429,2.4592074592074593,Stratified 5-Fold × 5 Repeats,3,2,42,100,101,0.05,4,0.1,Residual-Guided GMM Undersampling for Gradient Boosting,Majority residual/error values,Adaptive-BIC GMM + proportional cluster quota + farthest residual samples,Selected majority + all minority
vehicle0,846,18,647,199,3.251256281407035,Stratified 5-Fold × 5 Repeats,3,2,42,100,101,0.05,4,0.1,Residual-Guided GMM Undersampling for Gradient Boosting,Majority residual/error values,Adaptive-BIC GMM + proportional cluster quota + farthest residual samples,Selected majority + all minority
page-blocks0,5472,10,4913,559,8.788908765652952,Stratified 5-Fold × 5 Repeats,3,2,42,100,101,0.05,4,0.1,Residual-Guided GMM Undersampling for Gradient Boosting,Majority residual/error values,Adaptive-BIC GMM + proportional cluster quota + farthest residual samples,Selected majority + all minority
pima,768,8,500,268,1.8656716417910448,Stratified 5-Fold × 5 Repeats,3,2,42,100,101,0.05,4,0.1,Residual-Guided GMM Undersampling for Gradient Boosting,Majority residual/error values,Adaptive-BIC GMM + proportional cluster quota + farthest residual samples,Selected majority + all minority
abalone19,4174,8,4142,32,129.4375,Stratified 5-Fold × 5 Repeats,3,2,42,100,101,0.05,4,0.1,Residual-Guided GMM Undersampling for Gradient Boosting,Majority residual/error values,Adaptive-BIC GMM + proportional cluster quota + farthest residual samples,Selected majority + all minority
winequality-red-4,1599,11,1546,53,29.169811320754718,Stratified 5-Fold × 5 Repeats,3,2,42,100,101,0.05,4,0.1,Residual-Guided GMM Undersampling for Gradient Boosting,Majority residual/error values,Adaptive-BIC GMM + proportional cluster quota + farthest residual samples,Selected majority + all minority
shuttle-2_vs_5,3316,9,3267,49,66.6734693877551,Stratified 5-Fold × 5 Repeats,3,2,42,100,101,0.05,4,0.1,Residual-Guided GMM Undersampling for Gradient Boosting,Majority residual/error values,Adaptive-BIC GMM + proportional cluster quota + farthest residual samples,Selected majority + all minority
ecoli1,336,7,259,77,3.3636363636363638,Stratified 5-Fold × 5 Repeats,3,2,42,100,101,0.05,4,0.1,Residual-Guided GMM Undersampling for Gradient Boosting,Majority residual/error values,Adaptive-BIC GMM + proportional cluster quota + farthest residual samples,Selected majority + all minority
glass1,214,9,138,76,1.8157894736842106,Stratified 5-Fold × 5 Repeats,3,2,42,100,101,0.05,4,0.1,Residual-Guided GMM Undersampling for Gradient Boosting,Majority residual/error values,Adaptive-BIC GMM + proportional cluster quota + farthest residual samples,Selected majority + all minority
