Dataset,Repeat,Fold,Method,Accuracy,Balanced_Accuracy,GMean,F1,MCC,ROC_AUC,Sensitivity,Specificity,Minority_Recall,TN,FP,FN,TP
yeast1,1,1,Original GB,0.7830188679245284,0.6821898895497026,0.6392284405049437,0.5413105413105413,0.42544178806015076,0.7933703271028038,0.4439252336448598,0.9204545454545454,0.4439252336448598,486,42,119,95
yeast1,1,1,Random US,0.7048517520215634,0.7092449022939677,0.7091689225760415,0.5844402277039848,0.38389098631000923,0.7804136576040781,0.719626168224299,0.6988636363636364,0.719626168224299,369,159,60,154
yeast1,1,1,Cluster US,0.6752021563342318,0.6967484423676013,0.6948856334777019,0.5704099821746881,0.3572743692630446,0.7664701925800056,0.7476635514018691,0.6458333333333334,0.7476635514018691,341,187,54,160
yeast1,1,1,SMOTE,0.7506738544474394,0.7150417728688756,0.7100668892827878,0.5934065934065934,0.41605360673582326,0.781980140186916,0.6308411214953271,0.7992424242424242,0.6308411214953271,422,106,79,135
yeast1,1,1,Residual-Guided GMM,0.6671159029649596,0.6994034975927499,0.6952294251211134,0.5734024179620034,0.36138448875938545,0.7927685145851034,0.7757009345794392,0.6231060606060606,0.7757009345794392,329,199,48,166
yeast1,1,2,Original GB,0.7628032345013477,0.6898283394378006,0.6676404637890057,0.5577889447236181,0.39956195839562303,0.7976876572084197,0.5162790697674419,0.8633776091081594,0.5162790697674419,455,72,104,111
yeast1,1,2,Random US,0.7048517520215634,0.7206257446714619,0.7196486499863733,0.5981651376146789,0.4028145450114268,0.7814306517805922,0.7581395348837209,0.683111954459203,0.7581395348837209,360,167,52,163
yeast1,1,2,Cluster US,0.6792452830188679,0.6998455496226998,0.6981286490386528,0.575,0.36353331244208137,0.7757821808393275,0.7488372093023256,0.650853889943074,0.7488372093023256,343,184,54,161
yeast1,1,2,SMOTE,0.7439353099730458,0.7206036803318476,0.7184642039858246,0.6008403361344538,0.41915484919865637,0.8008075548298839,0.6651162790697674,0.7760910815939279,0.6651162790697674,409,118,72,143
yeast1,1,2,Residual-Guided GMM,0.7021563342318059,0.709090507921098,0.7088987227070214,0.5853658536585366,0.3833472591961817,0.7979038877366402,0.7255813953488373,0.6925996204933587,0.7255813953488373,365,162,59,156
yeast1,2,1,Original GB,0.7641509433962265,0.6675428348909658,0.6272933004067575,0.5179063360881543,0.37893020282701656,0.7859140470121779,0.4392523364485981,0.8958333333333334,0.4392523364485981,473,55,120,94
yeast1,2,1,Random US,0.6859838274932615,0.7015452421410365,0.7005808368211234,0.575591985428051,0.36694991018459555,0.7749398187482299,0.7383177570093458,0.6647727272727273,0.7383177570093458,351,177,56,158
yeast1,2,1,Cluster US,0.6630727762803235,0.6951731096006797,0.6910222009769228,0.5689655172413793,0.35370350221791275,0.7545932455395071,0.7710280373831776,0.6193181818181818,0.7710280373831776,327,201,49,165
yeast1,2,1,SMOTE,0.715633423180593,0.675136292834891,0.6683196019440693,0.5403050108932462,0.33741839841561944,0.7670100538091194,0.5794392523364486,0.7708333333333334,0.5794392523364486,407,121,90,124
yeast1,2,1,Residual-Guided GMM,0.6819407008086253,0.7112096431605778,0.7078385914442699,0.5859649122807018,0.38304423916160496,0.7916224157462476,0.780373831775701,0.6420454545454546,0.780373831775701,339,189,47,167
yeast1,2,2,Original GB,0.7830188679245284,0.704059838489034,0.678556290274825,0.5796344647519582,0.44238611221320806,0.7831516702705088,0.5162790697674419,0.8918406072106262,0.5162790697674419,470,57,104,111
yeast1,2,2,Random US,0.6967654986522911,0.68188959004457,0.6809712275905221,0.5526838966202783,0.3386399622341118,0.7531529941308855,0.6465116279069767,0.7172675521821632,0.6465116279069767,378,149,76,139
yeast1,2,2,Cluster US,0.6752021563342318,0.7080137681479193,0.703700495119907,0.5837651122625216,0.37752874360702693,0.7878425488725123,0.786046511627907,0.6299810246679317,0.786046511627907,332,195,46,169
yeast1,2,2,SMOTE,0.7398921832884097,0.7163805657296678,0.7141950556170887,0.5953878406708596,0.4107726509899901,0.7921142050218438,0.6604651162790698,0.7722960151802657,0.6604651162790698,407,120,73,142
yeast1,2,2,Residual-Guided GMM,0.683288409703504,0.7109527381845462,0.7079020280521381,0.5869947275922671,0.38319709350001535,0.7883941573628701,0.7767441860465116,0.6451612903225806,0.7767441860465116,340,187,48,167
yeast1,3,1,Original GB,0.77088948787062,0.6778355989804588,0.6411776283230897,0.5355191256830601,0.39923144977164315,0.8002601954120646,0.45794392523364486,0.8977272727272727,0.45794392523364486,474,54,116,98
yeast1,3,1,Random US,0.6657681940700808,0.7040144435004247,0.6981891859211931,0.5782312925170068,0.36970476509410666,0.7904099405267628,0.794392523364486,0.6136363636363636,0.794392523364486,324,204,44,170
yeast1,3,1,Cluster US,0.6522911051212938,0.6987131832342113,0.6900481535822327,0.5728476821192053,0.36055945518233123,0.7716032993486265,0.8084112149532711,0.5890151515151515,0.8084112149532711,311,217,41,173
yeast1,3,1,SMOTE,0.7439353099730458,0.7103069243840272,0.7058477973325059,0.5869565217391305,0.4047613389969514,0.7990300198244124,0.6308411214953271,0.7897727272727273,0.6308411214953271,417,111,79,135
yeast1,3,1,Residual-Guided GMM,0.6711590296495957,0.7230865902010761,0.7125987736292094,0.5973597359735974,0.404902309032704,0.8116769328802039,0.8457943925233645,0.6003787878787878,0.8457943925233645,317,211,33,181
yeast1,3,2,Original GB,0.7749326145552561,0.6777150169895415,0.637057797322873,0.5348189415041783,0.40770573696408596,0.7869996910992454,0.44651162790697674,0.9089184060721063,0.44651162790697674,479,48,119,96
yeast1,3,2,Random US,0.7196765498652291,0.7172940293897003,0.7172716498335298,0.5953307392996109,0.40194336986532947,0.7870394069105511,0.7116279069767442,0.7229601518026565,0.7116279069767442,381,146,62,153
yeast1,3,2,Cluster US,0.6886792452830188,0.698226027095009,0.6978567933087477,0.5730129390018485,0.36237626521430033,0.7778209258196902,0.7209302325581395,0.6755218216318786,0.7209302325581395,356,171,60,155
yeast1,3,2,SMOTE,0.7425876010781671,0.7045099510171661,0.6986657270507988,0.5802197802197803,0.39665368971861276,0.78930320815498,0.6139534883720931,0.7950664136622391,0.6139534883720931,419,108,83,132
yeast1,3,2,Residual-Guided GMM,0.7183288409703504,0.727359781121751,0.7270426199833335,0.6064030131826742,0.41717649874019747,0.7993248312078021,0.7488372093023256,0.7058823529411765,0.7488372093023256,372,155,54,161
vehicle0,1,1,Original GB,0.9645390070921985,0.9457120743034055,0.9450375522867852,0.9238578680203046,0.9009298759700118,0.9930340557275542,0.91,0.9814241486068112,0.91,317,6,9,91
vehicle0,1,1,Random US,0.9361702127659575,0.9478482972136223,0.947589413509051,0.8778280542986425,0.842104576339249,0.9872755417956657,0.97,0.9256965944272446,0.97,299,24,3,97
vehicle0,1,1,Cluster US,0.950354609929078,0.9674922600619196,0.9669459758041495,0.9049773755656109,0.8790417961855905,0.9956656346749226,1.0,0.934984520123839,1.0,302,21,0,100
vehicle0,1,1,SMOTE,0.9527186761229315,0.951780185758514,0.9517785209496884,0.9047619047619048,0.8751649683536324,0.9927554179566563,0.95,0.9535603715170279,0.95,308,15,5,95
vehicle0,1,1,Residual-Guided GMM,0.9479905437352246,0.9659442724458205,0.9653437444204219,0.9009009009009009,0.8739811608858123,0.9944272445820435,1.0,0.9318885448916409,1.0,301,22,0,100
vehicle0,1,2,Original GB,0.9290780141843972,0.9081088664421998,0.9072527869364281,0.8514851485148515,0.8051977020210639,0.9813567776530738,0.8686868686868687,0.9475308641975309,0.8686868686868687,307,17,13,86
vehicle0,1,2,Random US,0.9101654846335697,0.920314253647587,0.9201164551613755,0.8303571428571429,0.7800655121465493,0.9761192168599576,0.9393939393939394,0.9012345679012346,0.9393939393939394,292,32,6,93
vehicle0,1,2,Cluster US,0.8770685579196218,0.8846801346801347,0.8845643963799698,0.7739130434782608,0.7045191199693612,0.9525813692480358,0.898989898989899,0.8703703703703703,0.898989898989899,282,42,10,89
vehicle0,1,2,SMOTE,0.9219858156028369,0.9140011223344557,0.913877844573521,0.8436018957345972,0.794570451902369,0.9813879536101758,0.898989898989899,0.9290123456790124,0.898989898989899,301,23,10,89
vehicle0,1,2,Residual-Guided GMM,0.9125295508274232,0.9148428731762066,0.9148325357135315,0.8310502283105022,0.7792768849115485,0.9779897742860706,0.9191919191919192,0.9104938271604939,0.9191919191919192,295,29,8,91
vehicle0,2,1,Original GB,0.950354609929078,0.9295201238390093,0.9286796112941409,0.8944723618090452,0.862034546180078,0.9904953560371516,0.89,0.9690402476780186,0.89,313,10,11,89
vehicle0,2,1,Random US,0.9243498817966903,0.940108359133127,0.9396330223647241,0.8584070796460177,0.8177628495861882,0.9786377708978328,0.97,0.9102167182662538,0.97,294,29,3,97
vehicle0,2,1,Cluster US,0.9527186761229315,0.9621362229102167,0.9619703721549977,0.9074074074074074,0.880244023288282,0.9902786377708979,0.98,0.9442724458204335,0.98,305,18,2,98
vehicle0,2,1,SMOTE,0.9574468085106383,0.954876160990712,0.954863710632231,0.9134615384615384,0.8864561946266107,0.9924148606811145,0.95,0.9597523219814241,0.95,310,13,5,95
vehicle0,2,1,Residual-Guided GMM,0.9408983451536643,0.9613003095975232,0.9605210144473917,0.8888888888888888,0.85911611284857,0.9907120743034056,1.0,0.9226006191950464,1.0,298,25,0,100
vehicle0,2,2,Original GB,0.9527186761229315,0.9270482603815937,0.9257912359949019,0.8969072164948454,0.8665593860427436,0.990958972440454,0.8787878787878788,0.9753086419753086,0.8787878787878788,316,8,12,87
vehicle0,2,2,Random US,0.9314420803782506,0.9377104377104377,0.9376363848918734,0.8663594470046083,0.826449036573519,0.9880907843870808,0.9494949494949495,0.9259259259259259,0.9494949494949495,300,24,5,94
vehicle0,2,2,Cluster US,0.9290780141843972,0.9291526374859709,0.9291526268947126,0.8598130841121495,0.8167847218882153,0.9848952487841376,0.9292929292929293,0.9290123456790124,0.9292929292929293,301,23,7,92
vehicle0,2,2,SMOTE,0.950354609929078,0.9395342312008979,0.9393139847465232,0.896551724137931,0.8643722002290443,0.9874984412021449,0.9191919191919192,0.9598765432098766,0.9191919191919192,311,13,8,91
vehicle0,2,2,Residual-Guided GMM,0.9408983451536643,0.9508978675645343,0.9507120217488537,0.8847926267281107,0.8513484626754134,0.9895560543708692,0.9696969696969697,0.9320987654320988,0.9696969696969697,302,22,3,96
vehicle0,3,1,Original GB,0.9479905437352246,0.9348761609907121,0.934545136953318,0.8921568627450981,0.8581927609630484,0.9867801857585139,0.91,0.9597523219814241,0.91,310,13,9,91
vehicle0,3,1,Random US,0.9385342789598109,0.9424922600619194,0.9424623568703671,0.8796296296296297,0.8428276078815415,0.9886687306501548,0.95,0.934984520123839,0.95,302,21,5,95
vehicle0,3,1,Cluster US,0.9361702127659575,0.9443962848297214,0.9442673704375605,0.8767123287671232,0.8398300380146204,0.9879566563467491,0.96,0.9287925696594427,0.96,300,23,4,96
vehicle0,3,1,SMOTE,0.9408983451536643,0.9302321981424149,0.9300121507911577,0.8792270531400966,0.8410053065504705,0.9886068111455109,0.91,0.9504643962848297,0.91,307,16,9,91
vehicle0,3,1,Residual-Guided GMM,0.9385342789598109,0.9563003095975232,0.955706342452061,0.8839285714285714,0.8517959749197777,0.9887925696594427,0.99,0.9226006191950464,0.99,298,25,1,99
vehicle0,3,2,Original GB,0.950354609929078,0.9255050505050505,0.9243252156990549,0.8923076923076924,0.8602314662711248,0.9796421000124704,0.8787878787878788,0.9722222222222222,0.8787878787878788,315,9,12,87
vehicle0,3,2,Random US,0.9148936170212766,0.9409371492704826,0.939662416530283,0.8448275862068966,0.8042146286019408,0.980265619154508,0.98989898989899,0.8919753086419753,0.98989898989899,289,35,1,98
vehicle0,3,2,Cluster US,0.9219858156028369,0.928030303030303,0.927960727138337,0.8493150684931506,0.8040492985678507,0.9776156628008481,0.9393939393939394,0.9166666666666666,0.9393939393939394,297,27,6,93
vehicle0,3,2,SMOTE,0.9550827423167849,0.9391133557800224,0.9386333403940084,0.9045226130653267,0.8751761691675785,0.987467265245043,0.9090909090909091,0.9691358024691358,0.9090909090909091,314,10,9,90
vehicle0,3,2,Residual-Guided GMM,0.9479905437352246,0.9555274971941639,0.9554224321959031,0.897196261682243,0.866982671451793,0.9889325352288315,0.9696969696969697,0.941358024691358,0.9696969696969697,305,19,3,96
page-blocks0,1,1,Original GB,0.9733187134502924,0.9168340619953523,0.9140842159393869,0.8660550458715597,0.8515469173793859,0.9921801946891552,0.8458781362007168,0.9877899877899878,0.8458781362007168,2427,30,43,236
page-blocks0,1,1,Random US,0.9554093567251462,0.9624640592382527,0.9624232584518446,0.8162650602409639,0.804926050523405,0.9900000437634846,0.9713261648745519,0.9536019536019537,0.9713261648745519,2343,114,8,271
page-blocks0,1,1,Cluster US,0.7982456140350878,0.8765475862250056,0.8710111531497888,0.49635036496350365,0.49797326586741564,0.9605340895663476,0.974910394265233,0.7781847781847782,0.974910394265233,1912,545,7,272
page-blocks0,1,1,SMOTE,0.9660087719298246,0.9524794202213557,0.952327778262704,0.848780487804878,0.8343691676764806,0.990990557298801,0.9354838709677419,0.9694749694749695,0.9354838709677419,2382,75,18,261
page-blocks0,1,1,Residual-Guided GMM,0.945906432748538,0.9555844394554072,0.9555070989896531,0.7848837209302325,0.7732923470531791,0.9913326418702764,0.967741935483871,0.9434269434269434,0.967741935483871,2318,139,9,270
page-blocks0,1,2,Original GB,0.971125730994152,0.9143031642624477,0.9115074010701597,0.8566243194192378,0.8407141084299191,0.9866107782689624,0.8428571428571429,0.9857491856677525,0.8428571428571429,2421,35,44,236
page-blocks0,1,2,Random US,0.9232456140350878,0.9287691949744067,0.9287432278342719,0.7138964577656676,0.6986521854627605,0.977011836900884,0.9357142857142857,0.9218241042345277,0.9357142857142857,2264,192,18,262
page-blocks0,1,2,Cluster US,0.8450292397660819,0.8915309446254072,0.8896115977145721,0.5564853556485355,0.5502782235713863,0.954859818520242,0.95,0.8330618892508144,0.95,2046,410,14,266
page-blocks0,1,2,SMOTE,0.9597953216374269,0.9190670079106562,0.9176392072873996,0.8154362416107382,0.7947955732003091,0.9814623080502559,0.8678571428571429,0.9702768729641694,0.8678571428571429,2383,73,37,243
page-blocks0,1,2,Residual-Guided GMM,0.9349415204678363,0.9431945090739879,0.9431374244981824,0.75,0.736774273522411,0.9827114355514192,0.9535714285714286,0.9328175895765473,0.9535714285714286,2291,165,13,267
page-blocks0,2,1,Original GB,0.971125730994152,0.9013155303477884,0.8970391249973247,0.851782363977486,0.836956516860594,0.9864953180365366,0.8136200716845878,0.989010989010989,0.8136200716845878,2430,27,52,227
page-blocks0,2,1,Random US,0.9426169590643275,0.9473984796565442,0.9473794386377652,0.772133526850508,0.7586341627751643,0.9847287320405601,0.953405017921147,0.9413919413919414,0.953405017921147,2313,144,13,266
page-blocks0,2,1,Cluster US,0.8187134502923976,0.8736460671944544,0.8709165209436411,0.5146771037181996,0.5084485753133529,0.9319397581046325,0.942652329749104,0.8046398046398047,0.942652329749104,1977,480,16,263
page-blocks0,2,1,SMOTE,0.9623538011695907,0.9393241167434716,0.9388785118360542,0.8314238952536824,0.8142981471160057,0.9874639498295412,0.910394265232975,0.9682539682539683,0.910394265232975,2379,78,25,254
page-blocks0,2,1,Residual-Guided GMM,0.9334795321637427,0.9486654325364003,0.9484736105579167,0.7479224376731302,0.7371458003614061,0.9839059785296344,0.967741935483871,0.9295889295889296,0.967741935483871,2284,173,9,270
page-blocks0,2,2,Original GB,0.9773391812865497,0.9304211261051651,0.9285490565368816,0.8872727272727273,0.8748595838469512,0.9931559737087017,0.8714285714285714,0.989413680781759,0.8714285714285714,2430,26,36,244
page-blocks0,2,2,Random US,0.935672514619883,0.9499302000930665,0.9497610277180186,0.754874651810585,0.7438001641742853,0.9865089867380177,0.9678571428571429,0.9320032573289903,0.9678571428571429,2289,167,9,271
page-blocks0,2,2,Cluster US,0.7993421052631579,0.8771579804560261,0.8716840378768277,0.4986301369863014,0.49992402393608265,0.9606430316426245,0.975,0.7793159609120521,0.975,1914,542,7,273
page-blocks0,2,2,SMOTE,0.9652777777777778,0.9395241973010703,0.938966009035353,0.8424543946932007,0.8257071778171348,0.9903152629129829,0.9071428571428571,0.9719055374592834,0.9071428571428571,2387,69,26,254
page-blocks0,2,2,Residual-Guided GMM,0.9484649122807017,0.9538913448115403,0.9538669431235189,0.792341678939617,0.7795774887661988,0.9909238308515589,0.9607142857142857,0.9470684039087948,0.9607142857142857,2326,130,11,269
page-blocks0,3,1,Original GB,0.9714912280701754,0.9062848740268095,0.9025755804595876,0.8550185873605948,0.8399480845788843,0.9912013514164052,0.8243727598566308,0.9881969881969882,0.8243727598566308,2428,29,49,230
page-blocks0,3,1,Random US,0.9382309941520468,0.946545091706382,0.9464874696725427,0.7596017069701281,0.7468324028860119,0.9846018179351512,0.956989247311828,0.9361009361009361,0.956989247311828,2300,157,12,267
page-blocks0,3,1,Cluster US,0.8216374269005848,0.8863943702653381,0.8826536995170312,0.5252918287937743,0.5244760043518109,0.9506559416953682,0.967741935483871,0.805046805046805,0.967741935483871,1978,479,9,270
page-blocks0,3,1,SMOTE,0.9707602339181286,0.9487704648994972,0.9483682495098211,0.8653198653198653,0.8509543657286496,0.9907199530855445,0.921146953405018,0.9763939763939764,0.921146953405018,2399,58,22,257
page-blocks0,3,1,Residual-Guided GMM,0.9375,0.947726705791222,0.9476396305278891,0.7581329561527581,0.7459468572084041,0.9872684729315553,0.9605734767025089,0.9348799348799349,0.9605734767025089,2297,160,11,268
page-blocks0,3,2,Original GB,0.9740497076023392,0.925424616100512,0.9234028128447846,0.872072072072072,0.8576767837642318,0.9902047463936714,0.8642857142857143,0.9865635179153095,0.8642857142857143,2423,33,38,242
page-blocks0,3,2,Random US,0.9451754385964912,0.9362377850162866,0.9361703382825854,0.7754491017964071,0.758021568447986,0.9852402280130294,0.925,0.9474755700325733,0.925,2327,129,21,259
page-blocks0,3,2,Cluster US,0.8146929824561403,0.8746335504885994,0.8713803681104703,0.5120307988450433,0.5072308249390365,0.9515763145649139,0.95,0.7992671009771987,0.95,1963,493,14,266
page-blocks0,3,2,SMOTE,0.9623538011695907,0.9505525825965566,0.9504367612979925,0.835725677830941,0.8207216005077197,0.9899873487668683,0.9357142857142857,0.9653908794788274,0.9357142857142857,2371,85,18,262
page-blocks0,3,2,Residual-Guided GMM,0.9334795321637427,0.9344695207073057,0.9344686916590726,0.7422096317280453,0.7263931129427108,0.9863744765006981,0.9357142857142857,0.9332247557003257,0.9357142857142857,2292,164,18,262
pima,1,1,Original GB,0.7447916666666666,0.7018507462686567,0.687304924834307,0.6048387096774194,0.4211612934763028,0.8264776119402985,0.5597014925373134,0.844,0.5597014925373134,211,39,59,75
pima,1,1,Random US,0.7734375,0.7654029850746269,0.7649407351933932,0.6947368421052632,0.5179546880188921,0.8397014925373134,0.7388059701492538,0.792,0.7388059701492538,198,52,35,99
pima,1,1,Cluster US,0.75,0.7422089552238806,0.7417607129148055,0.6666666666666666,0.4711056546601862,0.8342686567164179,0.7164179104477612,0.768,0.7164179104477612,192,58,38,96
pima,1,1,SMOTE,0.7421875,0.724089552238806,0.7216068305597223,0.6425992779783394,0.4418730025891694,0.825402985074627,0.664179104477612,0.784,0.664179104477612,196,54,45,89
pima,1,1,Residual-Guided GMM,0.7630208333333334,0.7660597014925373,0.7659936479219109,0.6956521739130435,0.5123508595508227,0.8569850746268657,0.7761194029850746,0.756,0.7761194029850746,189,61,30,104
pima,1,2,Original GB,0.7473958333333334,0.7194328358208956,0.7134528193042161,0.6339622641509434,0.44122296270413647,0.8074925373134328,0.6268656716417911,0.812,0.6268656716417911,203,47,50,84
pima,1,2,Random US,0.7317708333333334,0.7420597014925373,0.7412776384819879,0.6688102893890675,0.4629169538485586,0.7917611940298507,0.7761194029850746,0.708,0.7761194029850746,177,73,30,104
pima,1,2,Cluster US,0.7317708333333334,0.7316716417910447,0.7316715681110545,0.6555183946488294,0.44612981274250363,0.8086865671641791,0.7313432835820896,0.732,0.7313432835820896,183,67,36,98
pima,1,2,SMOTE,0.7369791666666666,0.7322089552238806,0.7320386581423998,0.6552901023890785,0.44940876917325373,0.8034626865671641,0.7164179104477612,0.748,0.7164179104477612,187,63,38,96
pima,1,2,Residual-Guided GMM,0.7239583333333334,0.7481791044776119,0.7438704750036054,0.676829268292683,0.47319478192552805,0.8059701492537312,0.8283582089552238,0.668,0.8283582089552238,167,83,23,111
pima,2,1,Original GB,0.7708333333333334,0.7218507462686568,0.7034032409670751,0.6302521008403361,0.47590208532546185,0.8128955223880597,0.5597014925373134,0.884,0.5597014925373134,221,29,59,75
pima,2,1,Random US,0.7578125,0.7430149253731344,0.7413984365987325,0.6666666666666666,0.4778618887315505,0.809044776119403,0.6940298507462687,0.792,0.6940298507462687,198,52,41,93
pima,2,1,Cluster US,0.7317708333333334,0.7143582089552238,0.712028843957087,0.6308243727598566,0.4215116353004869,0.7971044776119404,0.6567164179104478,0.772,0.6567164179104478,193,57,46,88
pima,2,1,SMOTE,0.7708333333333334,0.7530149253731344,0.7507011647826118,0.6788321167883211,0.5011175458760728,0.8218507462686567,0.6940298507462687,0.812,0.6940298507462687,203,47,41,93
pima,2,1,Residual-Guided GMM,0.7630208333333334,0.7522089552238806,0.7513569813562897,0.6784452296819788,0.49338488080191545,0.8257014925373135,0.7164179104477612,0.788,0.7164179104477612,197,53,38,96
pima,2,2,Original GB,0.7473958333333334,0.7211641791044776,0.715917113521416,0.6367041198501873,0.4431028115537237,0.8114328358208955,0.6343283582089553,0.808,0.6343283582089553,202,48,49,85
pima,2,2,Random US,0.734375,0.7613731343283583,0.7561094448142501,0.6909090909090909,0.49843253700015927,0.813910447761194,0.8507462686567164,0.672,0.8507462686567164,168,82,20,114
pima,2,2,Cluster US,0.703125,0.7044776119402985,0.7044633820976204,0.625,0.3924341709595043,0.7955522388059701,0.7089552238805971,0.7,0.7089552238805971,175,75,39,95
pima,2,2,SMOTE,0.7369791666666666,0.7356716417910447,0.7356589086327618,0.6599326599326599,0.45453757167977316,0.8125373134328359,0.7313432835820896,0.74,0.7313432835820896,185,65,36,98
pima,2,2,Residual-Guided GMM,0.7057291666666666,0.7289850746268657,0.724908640666831,0.6565349544072948,0.43662778334309504,0.8118507462686567,0.8059701492537313,0.652,0.8059701492537313,163,87,26,108
pima,3,1,Original GB,0.75,0.7283582089552239,0.7248262787236388,0.6470588235294118,0.4536928453169295,0.8230746268656717,0.6567164179104478,0.8,0.6567164179104478,200,50,46,88
pima,3,1,Random US,0.7265625,0.7432537313432835,0.7411970954667578,0.670846394984326,0.46408711156837873,0.8184179104477612,0.7985074626865671,0.688,0.7985074626865671,172,78,27,107
pima,3,1,Cluster US,0.7317708333333334,0.736865671641791,0.7366726322893902,0.6622950819672131,0.45432503249452705,0.811910447761194,0.753731343283582,0.72,0.753731343283582,180,70,33,101
pima,3,1,SMOTE,0.75,0.7404776119402985,0.7398063481991898,0.6643356643356644,0.468771568383531,0.8113134328358209,0.7089552238805971,0.772,0.7089552238805971,193,57,39,95
pima,3,1,Residual-Guided GMM,0.7447916666666666,0.7537910447761194,0.7532021195109723,0.6818181818181818,0.4860091226398635,0.8194029850746269,0.7835820895522388,0.724,0.7835820895522388,181,69,29,105
pima,3,2,Original GB,0.7473958333333334,0.7038507462686567,0.6889316843284549,0.6072874493927125,0.4264232125468312,0.8279402985074629,0.5597014925373134,0.848,0.5597014925373134,212,38,59,75
pima,3,2,Random US,0.7526041666666666,0.7494029850746269,0.749328057204208,0.6757679180887372,0.48268546939742063,0.8300000000000001,0.7388059701492538,0.76,0.7388059701492538,190,60,35,99
pima,3,2,Cluster US,0.7447916666666666,0.7226268656716418,0.7188921825623462,0.6397058823529411,0.4423060444932889,0.8168955223880596,0.6492537313432836,0.796,0.6492537313432836,199,51,47,87
pima,3,2,SMOTE,0.75,0.7335522388059701,0.7315287611285075,0.6546762589928058,0.4598853415398061,0.8156417910447762,0.6791044776119403,0.788,0.6791044776119403,197,53,43,91
pima,3,2,Residual-Guided GMM,0.7604166666666666,0.7623283582089553,0.7623020907828735,0.6912751677852349,0.505550304095654,0.8264477611940299,0.7686567164179104,0.756,0.7686567164179104,189,61,31,103
abalone19,1,1,Original GB,0.9899377096310493,0.4987928536938677,0.0,0.0,-0.0043073938283852775,0.7497887493964269,0.0,0.9975857073877354,0.0,2066,5,16,0
abalone19,1,1,Random US,0.5975083852419741,0.6111479961371318,0.6109909943455917,0.023255813953488372,0.03950707584244839,0.5919241912119748,0.625,0.5972959922742637,0.625,1237,834,6,10
abalone19,1,1,Cluster US,0.7795879252515573,0.7649082568807339,0.7647629602178055,0.049586776859504134,0.11079730081876012,0.7545871559633027,0.75,0.7798165137614679,0.75,1615,456,4,12
abalone19,1,1,SMOTE,0.9070436032582655,0.6120684451955577,0.5337476259874357,0.049019607843137254,0.06828447522375061,0.736615765330758,0.3125,0.9116368903911154,0.3125,1888,183,11,5
abalone19,1,1,Residual-Guided GMM,0.7714422616195495,0.7608039594398841,0.7607272436030053,0.04790419161676647,0.10771894510212664,0.7919483341380975,0.75,0.7716079188797682,0.75,1598,473,4,12
abalone19,1,2,Original GB,0.9899377096310493,0.4987928536938677,0.0,0.0,-0.0043073938283852775,0.8045781023660067,0.0,0.9975857073877354,0.0,2066,5,16,0
abalone19,1,2,Random US,0.5428845232390992,0.6766507725736359,0.662873483729858,0.026530612244897958,0.061811201060226265,0.6962819893771125,0.8125,0.5408015451472719,0.8125,1120,951,3,13
abalone19,1,2,Cluster US,0.7767129851461428,0.7324511105746017,0.7310704665352563,0.045081967213114756,0.09692914886814834,0.7931856591018831,0.6875,0.7774022211492033,0.6875,1610,461,5,11
abalone19,1,2,SMOTE,0.9171058936272161,0.6481470304200869,0.5877799527162059,0.06486486486486487,0.0947338818034382,0.8181584983099952,0.375,0.9212940608401738,0.375,1908,163,10,6
abalone19,1,2,Residual-Guided GMM,0.7489218974604696,0.780465354901014,0.779807637635172,0.04727272727272727,0.11212511507836496,0.8411999034282955,0.8125,0.748430709802028,0.8125,1550,521,3,13
abalone19,2,1,Original GB,0.9875419262098706,0.4975857073877354,0.0,0.0,-0.006098902542716192,0.7458957025591502,0.0,0.9951714147754708,0.0,2061,10,16,0
abalone19,2,1,Random US,0.6770483948251078,0.6822338242394979,0.6822134990817094,0.031609195402298854,0.06782776713010039,0.6563405359729599,0.6875,0.6769676484789957,0.6875,1402,669,5,11
abalone19,2,1,Cluster US,0.8068998562529948,0.7476611540318687,0.7452367655945454,0.05176470588235294,0.108837935808717,0.747253742153549,0.6875,0.8078223080637373,0.6875,1673,398,5,11
abalone19,2,1,SMOTE,0.928605654048874,0.6849499034282955,0.6386899995300996,0.08588957055214724,0.12608824879889322,0.7136196281989378,0.4375,0.9323998068565911,0.4375,1931,140,9,7
abalone19,2,1,Residual-Guided GMM,0.7110685194058457,0.8234095847416707,0.8154671798365846,0.04739336492890995,0.12363222173063937,0.8898780782230806,0.9375,0.7093191694833414,0.9375,1469,602,1,15
abalone19,2,2,Original GB,0.9918543363679924,0.49975857073877356,0.0,0.0,-0.0019244772869583503,0.6755643408981168,0.0,0.9995171414775471,0.0,2070,1,16,0
abalone19,2,2,Random US,0.7149017728797317,0.577272452921294,0.5600956581746839,0.022988505747126436,0.029888360279156936,0.5507454128440367,0.4375,0.7170449058425882,0.4375,1485,586,9,7
abalone19,2,2,Cluster US,0.7225682798275036,0.612143891839691,0.6017839245440934,0.02689075630252101,0.04369338661411652,0.697564582327378,0.5,0.724287783679382,0.5,1500,571,8,8
abalone19,2,2,SMOTE,0.9214183037853378,0.49527704007725737,0.24083890883671014,0.012048192771084338,-0.003189949860472413,0.680045871559633,0.0625,0.9280540801545147,0.0625,1922,149,15,1
abalone19,2,2,Residual-Guided GMM,0.8423574508864399,0.6104840656687591,0.5632388918137394,0.03519061583577713,0.05315388974669248,0.7262192177691936,0.375,0.8459681313375181,0.375,1752,319,10,6
abalone19,3,1,Original GB,0.9904168663152851,0.49903428295509417,0.0,0.0,-0.0038517252674300983,0.77746257846451,0.0,0.9980685659101883,0.0,2067,4,16,0
abalone19,3,1,Random US,0.6492573071394346,0.5752052148720426,0.5702676694956874,0.0213903743315508,0.027491776511150298,0.6297833172380493,0.5,0.650410429744085,0.5,1347,724,8,8
abalone19,3,1,Cluster US,0.7546717776712986,0.7213453645581844,0.7205509185807091,0.04119850187265917,0.0893869494445469,0.7619054804442298,0.6875,0.7551907291163689,0.6875,1564,507,5,11
abalone19,3,1,SMOTE,0.9199808337326306,0.6185870352486722,0.5375505995070791,0.05649717514124294,0.07753113978687025,0.7363290680830517,0.3125,0.9246740704973443,0.3125,1915,156,11,5
abalone19,3,1,Residual-Guided GMM,0.753713464302827,0.7828796475132787,0.7823191019073212,0.04814814814814815,0.11379851795790069,0.8093010622887494,0.8125,0.7532592950265572,0.8125,1560,511,3,13
abalone19,3,2,Original GB,0.9880210828941064,0.49782713664896183,0.0,0.0,-0.005784534624708935,0.7860785852245291,0.0,0.9956542732979237,0.0,2062,9,16,0
abalone19,3,2,Random US,0.6732151413512218,0.6182852486721391,0.6157634730610094,0.025714285714285714,0.043959600535327784,0.6419302269435055,0.5625,0.6740704973442782,0.5625,1396,675,7,9
abalone19,3,2,Cluster US,0.7623382846190704,0.6321825205214873,0.6182091236155345,0.03125,0.05417240757922388,0.749215354901014,0.5,0.7643650410429744,0.5,1583,488,8,8
abalone19,3,2,SMOTE,0.9103977000479156,0.6447670207629165,0.5856195570267333,0.06030150753768844,0.08928749862934822,0.8247072670207629,0.375,0.914534041525833,0.375,1894,177,10,6
abalone19,3,2,Residual-Guided GMM,0.7920459990416866,0.7091682761950748,0.7041557677416578,0.04405286343612335,0.08960422144157756,0.7900470787059393,0.625,0.7933365523901497,0.625,1643,428,6,10
winequality-red-4,1,1,Original GB,0.95625,0.5663121077092617,0.38190091157560463,0.18604651162790697,0.17107101575928618,0.7057160653538402,0.14814814814814814,0.9844760672703752,0.14814814814814814,761,12,23,4
winequality-red-4,1,1,Random US,0.6725,0.616070145177519,0.6130908645722384,0.10273972602739725,0.08906812795765705,0.6801782377461549,0.5555555555555556,0.6765847347994826,0.5555555555555556,523,250,12,15
winequality-red-4,1,1,Cluster US,0.53375,0.5978870202673566,0.5939177125203158,0.08801955990220049,0.07077940556238844,0.6513583441138422,0.6666666666666666,0.5291073738680466,0.6666666666666666,409,364,9,18
winequality-red-4,1,1,SMOTE,0.89375,0.5875856451535624,0.48729731654926367,0.1414141414141414,0.11053571381156459,0.6548799770015812,0.25925925925925924,0.9159120310478654,0.25925925925925924,708,65,20,7
winequality-red-4,1,1,Residual-Guided GMM,0.6325,0.631114944180921,0.6311131963516297,0.10365853658536585,0.09775079507382653,0.6808969383354895,0.6296296296296297,0.6326002587322122,0.6296296296296297,489,284,10,17
winequality-red-4,1,2,Original GB,0.9624530663329162,0.5159966165787641,0.1954808366267837,0.0625,0.06575402359086552,0.775997611702657,0.038461538461538464,0.9935316946959897,0.038461538461538464,768,5,25,1
winequality-red-4,1,2,Random US,0.6145181476846058,0.6706886257339039,0.6679921807831448,0.10982658959537572,0.12361416867742968,0.7124091949447706,0.7307692307692307,0.610608020698577,0.7307692307692307,472,301,7,19
winequality-red-4,1,2,Cluster US,0.5969962453066333,0.624465120907553,0.6237735503638686,0.09550561797752809,0.08970376897248125,0.7147726141904667,0.6538461538461539,0.5950840879689522,0.6538461538461539,460,313,9,17
winequality-red-4,1,2,SMOTE,0.9073842302878599,0.5804557667429595,0.4633014393500749,0.13953488372093023,0.10833424231534224,0.7063389391979302,0.23076923076923078,0.9301423027166882,0.23076923076923078,719,54,20,6
winequality-red-4,1,2,Residual-Guided GMM,0.5894868585732165,0.6949198925266196,0.6857084215662705,0.11351351351351352,0.13969397012530496,0.7403224201413074,0.8076923076923077,0.5821474773609314,0.8076923076923077,450,323,5,21
winequality-red-4,2,1,Original GB,0.955,0.5120502132145082,0.1912012115830181,0.05263157894736842,0.03737330557749201,0.6937856355708878,0.037037037037037035,0.9870633893919794,0.037037037037037035,763,10,26,1
winequality-red-4,2,1,Random US,0.79125,0.6060322936131474,0.57255855201173,0.1164021164021164,0.09529539925087087,0.6505677734655742,0.4074074074074074,0.8046571798188874,0.4074074074074074,622,151,16,11
winequality-red-4,2,1,Cluster US,0.68,0.5305926884193378,0.5058234966893848,0.07246376811594203,0.02386403049099363,0.5813569067126636,0.37037037037037035,0.6908150064683053,0.37037037037037035,534,239,17,10
winequality-red-4,2,1,SMOTE,0.9125,0.5436730391452254,0.37301532689040534,0.10256410256410256,0.06456379393354833,0.6732547554022328,0.14814814814814814,0.9391979301423027,0.14814814814814814,726,47,23,4
winequality-red-4,2,1,Residual-Guided GMM,0.7775,0.598917157778736,0.5674731512542869,0.11,0.08677935779885752,0.6757222940922811,0.4074074074074074,0.7904269081500647,0.4074074074074074,611,162,16,11
winequality-red-4,2,2,Original GB,0.9599499374217773,0.514702955517962,0.1952261383601459,0.058823529411764705,0.052405615329387034,0.7019603940690615,0.038461538461538464,0.9909443725743855,0.038461538461538464,766,7,25,1
winequality-red-4,2,2,Random US,0.6057571964956195,0.6661608120210967,0.6630203463691537,0.10764872521246459,0.11991959327612925,0.7388297343019206,0.7307692307692307,0.6015523932729625,0.7307692307692307,465,308,7,19
winequality-red-4,2,2,Cluster US,0.4518147684605757,0.6609364115832421,0.6219362163275418,0.09504132231404959,0.11546511746109876,0.7730868743158523,0.8846153846153846,0.4372574385510996,0.8846153846153846,338,435,3,23
winequality-red-4,2,2,SMOTE,0.8986232790988736,0.5387600756294159,0.3769664333991062,0.0898876404494382,0.05103661363445715,0.7012140511493681,0.15384615384615385,0.9236739974126779,0.15384615384615385,714,59,22,4
winequality-red-4,2,2,Residual-Guided GMM,0.5506883604505632,0.6191163299830829,0.6147747998517744,0.09113924050632911,0.08478720322046814,0.7105184595482139,0.6923076923076923,0.5459249676584734,0.6923076923076923,422,351,8,18
winequality-red-4,3,1,Original GB,0.9625,0.5338028843850319,0.27128387410211297,0.11764705882352941,0.13109006265897385,0.740141823582962,0.07407407407407407,0.9935316946959897,0.07407407407407407,768,5,25,2
winequality-red-4,3,1,Random US,0.69375,0.5913228882181016,0.5810315167843462,0.0959409594095941,0.07163890746222083,0.62713813425327,0.48148148148148145,0.7011642949547219,0.48148148148148145,542,231,14,13
winequality-red-4,3,1,Cluster US,0.57375,0.6007139092520722,0.6000175679794333,0.09066666666666667,0.07337231787956985,0.6476929711082363,0.6296296296296297,0.5717981888745148,0.6296296296296297,442,331,10,17
winequality-red-4,3,1,SMOTE,0.91,0.5602510660725408,0.41618126102650327,0.12195121951219512,0.08600166894600358,0.6914857936850175,0.18518518518518517,0.9353169469598965,0.18518518518518517,723,50,22,5
winequality-red-4,3,1,Residual-Guided GMM,0.6175,0.6590963537923434,0.6575851183810711,0.11046511627906977,0.11747857087995635,0.7187005893344832,0.7037037037037037,0.6144890038809832,0.7037037037037037,475,298,8,19
winequality-red-4,3,2,Original GB,0.9612015018773467,0.49676584734799484,0.0,0.0,-0.014553641675729406,0.6799432779381034,0.0,0.9935316946959897,0.0,768,5,26,0
winequality-red-4,3,2,Random US,0.6633291614518148,0.6773310777191761,0.677165481887321,0.1180327868852459,0.13200412315614146,0.7169370086575778,0.6923076923076923,0.6623544631306598,0.6923076923076923,512,261,8,18
winequality-red-4,3,2,Cluster US,0.6770963704630788,0.7030301522539556,0.7024826962291266,0.12837837837837837,0.15232010794549583,0.7254204398447607,0.7307692307692307,0.6752910737386805,0.7307692307692307,522,251,7,19
winequality-red-4,3,2,SMOTE,0.8873591989987485,0.663026171758384,0.6180841872219192,0.19642857142857142,0.18666794931788314,0.7217633595382625,0.4230769230769231,0.9029754204398448,0.4230769230769231,698,75,15,11
winequality-red-4,3,2,Residual-Guided GMM,0.6695869837296621,0.7177331077719176,0.715883234093525,0.13157894736842105,0.16221448363645988,0.7812717683351578,0.7692307692307693,0.666235446313066,0.7692307692307693,515,258,6,20
shuttle-2_vs_5,1,1,Original GB,1.0,1.0,1.0,1.0,1.0,1.0,1.0,1.0,1.0,1634,0,0,24
shuttle-2_vs_5,1,1,Random US,1.0,1.0,1.0,1.0,1.0,1.0,1.0,1.0,1.0,1634,0,0,24
shuttle-2_vs_5,1,1,Cluster US,1.0,1.0,1.0,1.0,1.0,1.0,1.0,1.0,1.0,1634,0,0,24
shuttle-2_vs_5,1,1,SMOTE,1.0,1.0,1.0,1.0,1.0,1.0,1.0,1.0,1.0,1634,0,0,24
shuttle-2_vs_5,1,1,Residual-Guided GMM,1.0,1.0,1.0,1.0,1.0,1.0,1.0,1.0,1.0,1634,0,0,24
shuttle-2_vs_5,1,2,Original GB,1.0,1.0,1.0,1.0,1.0,1.0,1.0,1.0,1.0,1633,0,0,25
shuttle-2_vs_5,1,2,Random US,1.0,1.0,1.0,1.0,1.0,1.0,1.0,1.0,1.0,1633,0,0,25
shuttle-2_vs_5,1,2,Cluster US,1.0,1.0,1.0,1.0,1.0,1.0,1.0,1.0,1.0,1633,0,0,25
shuttle-2_vs_5,1,2,SMOTE,1.0,1.0,1.0,1.0,1.0,1.0,1.0,1.0,1.0,1633,0,0,25
shuttle-2_vs_5,1,2,Residual-Guided GMM,1.0,1.0,1.0,1.0,1.0,1.0,1.0,1.0,1.0,1633,0,0,25
shuttle-2_vs_5,2,1,Original GB,1.0,1.0,1.0,1.0,1.0,1.0,1.0,1.0,1.0,1634,0,0,24
shuttle-2_vs_5,2,1,Random US,1.0,1.0,1.0,1.0,1.0,1.0,1.0,1.0,1.0,1634,0,0,24
shuttle-2_vs_5,2,1,Cluster US,1.0,1.0,1.0,1.0,1.0,1.0,1.0,1.0,1.0,1634,0,0,24
shuttle-2_vs_5,2,1,SMOTE,1.0,1.0,1.0,1.0,1.0,1.0,1.0,1.0,1.0,1634,0,0,24
shuttle-2_vs_5,2,1,Residual-Guided GMM,1.0,1.0,1.0,1.0,1.0,1.0,1.0,1.0,1.0,1634,0,0,24
shuttle-2_vs_5,2,2,Original GB,1.0,1.0,1.0,1.0,1.0,1.0,1.0,1.0,1.0,1633,0,0,25
shuttle-2_vs_5,2,2,Random US,0.9746682750301568,0.9871402327005512,0.9870564651533884,0.5434782608695652,0.602940699480441,1.0,1.0,0.9742804654011022,1.0,1591,42,0,25
shuttle-2_vs_5,2,2,Cluster US,0.9746682750301568,0.9871402327005512,0.9870564651533884,0.5434782608695652,0.602940699480441,1.0,1.0,0.9742804654011022,1.0,1591,42,0,25
shuttle-2_vs_5,2,2,SMOTE,1.0,1.0,1.0,1.0,1.0,1.0,1.0,1.0,1.0,1633,0,0,25
shuttle-2_vs_5,2,2,Residual-Guided GMM,1.0,1.0,1.0,1.0,1.0,1.0,1.0,1.0,1.0,1633,0,0,25
shuttle-2_vs_5,3,1,Original GB,1.0,1.0,1.0,1.0,1.0,1.0,1.0,1.0,1.0,1634,0,0,24
shuttle-2_vs_5,3,1,Random US,0.9957780458383595,0.9978580171358629,0.9978557181635659,0.8727272727272727,0.8779959736574853,1.0,1.0,0.9957160342717258,1.0,1627,7,0,24
shuttle-2_vs_5,3,1,Cluster US,1.0,1.0,1.0,1.0,1.0,1.0,1.0,1.0,1.0,1634,0,0,24
shuttle-2_vs_5,3,1,SMOTE,1.0,1.0,1.0,1.0,1.0,1.0,1.0,1.0,1.0,1634,0,0,24
shuttle-2_vs_5,3,1,Residual-Guided GMM,1.0,1.0,1.0,1.0,1.0,1.0,1.0,1.0,1.0,1634,0,0,24
shuttle-2_vs_5,3,2,Original GB,1.0,1.0,1.0,1.0,1.0,1.0,1.0,1.0,1.0,1633,0,0,25
shuttle-2_vs_5,3,2,Random US,1.0,1.0,1.0,1.0,1.0,1.0,1.0,1.0,1.0,1633,0,0,25
shuttle-2_vs_5,3,2,Cluster US,0.9764776839565742,0.9880587875076546,0.9879866269415337,0.5617977528089888,0.6174916418384585,1.0,1.0,0.9761175750153093,1.0,1594,39,0,25
shuttle-2_vs_5,3,2,SMOTE,1.0,1.0,1.0,1.0,1.0,1.0,1.0,1.0,1.0,1633,0,0,25
shuttle-2_vs_5,3,2,Residual-Guided GMM,1.0,1.0,1.0,1.0,1.0,1.0,1.0,1.0,1.0,1633,0,0,25
ecoli1,1,1,Original GB,0.9166666666666666,0.9089068825910931,0.9087964189927737,0.8292682926829268,0.7781811557527127,0.9501012145748988,0.8947368421052632,0.9230769230769231,0.8947368421052632,120,10,4,34
ecoli1,1,1,Random US,0.8690476190476191,0.8967611336032388,0.895332023999131,0.7659574468085106,0.704238182012342,0.900910931174089,0.9473684210526315,0.8461538461538461,0.9473684210526315,110,20,2,36
ecoli1,1,1,Cluster US,0.8809523809523809,0.9044534412955465,0.9034347414084791,0.782608695652174,0.7246239757580073,0.9338056680161944,0.9473684210526315,0.8615384615384616,0.9473684210526315,112,18,2,36
ecoli1,1,1,SMOTE,0.8928571428571429,0.902834008097166,0.9026501691880541,0.7954545454545454,0.7372140301015366,0.9471659919028341,0.9210526315789473,0.8846153846153846,0.9210526315789473,115,15,3,35
ecoli1,1,1,Residual-Guided GMM,0.8988095238095238,0.915991902834008,0.915454357224839,0.8089887640449438,0.7570077548862094,0.9492914979757086,0.9473684210526315,0.8846153846153846,0.9473684210526315,115,15,2,36
ecoli1,1,2,Original GB,0.875,0.8023255813953488,0.7907736701585484,0.7123287671232876,0.6353897335672603,0.9330153051083284,0.6666666666666666,0.937984496124031,0.6666666666666666,121,8,13,26
ecoli1,1,2,Random US,0.8869047619047619,0.845855694692904,0.8423778706983805,0.759493670886076,0.6856730889958905,0.9348042138739814,0.7692307692307693,0.9224806201550387,0.7692307692307693,119,10,9,30
ecoli1,1,2,Cluster US,0.8928571428571429,0.8676207513416816,0.8663409323192154,0.7804878048780488,0.7113247802255537,0.9297356390379645,0.8205128205128205,0.9147286821705426,0.8205128205128205,118,11,7,32
ecoli1,1,2,SMOTE,0.8869047619047619,0.845855694692904,0.8423778706983805,0.759493670886076,0.6856730889958905,0.9496124031007752,0.7692307692307693,0.9224806201550387,0.7692307692307693,119,10,9,30
ecoli1,1,2,Residual-Guided GMM,0.8809523809523809,0.8509242695289206,0.8490761052804039,0.7560975609756098,0.6790180586581319,0.9467302723116676,0.7948717948717948,0.9069767441860465,0.7948717948717948,117,12,8,31
ecoli1,2,1,Original GB,0.8869047619047619,0.8617408906882591,0.8605148632995913,0.7654320987654321,0.6935884292159619,0.9518218623481781,0.8157894736842105,0.9076923076923077,0.8157894736842105,118,12,7,31
ecoli1,2,1,Random US,0.875,0.9006072874493927,0.8993925075244362,0.7741935483870968,0.7143182548271513,0.9410931174089069,0.9473684210526315,0.8538461538461538,0.9473684210526315,111,19,2,36
ecoli1,2,1,Cluster US,0.7738095238095238,0.751417004048583,0.7503035822832278,0.5869565217391305,0.4504419308765992,0.7554655870445344,0.7105263157894737,0.7923076923076923,0.7105263157894737,103,27,11,27
ecoli1,2,1,SMOTE,0.8809523809523809,0.8765182186234818,0.8764808175207153,0.7674418604651163,0.6973779695320637,0.9459514170040486,0.868421052631579,0.8846153846153846,0.868421052631579,115,15,5,33
ecoli1,2,1,Residual-Guided GMM,0.8988095238095238,0.915991902834008,0.915454357224839,0.8089887640449438,0.7570077548862094,0.9692307692307692,0.9473684210526315,0.8846153846153846,0.9473684210526315,115,15,2,36
ecoli1,2,2,Original GB,0.8928571428571429,0.8318425760286225,0.824008653101173,0.7567567567567568,0.6899687445588598,0.9300337904989069,0.717948717948718,0.9457364341085271,0.717948717948718,122,7,11,28
ecoli1,2,2,Random US,0.8690476190476191,0.8342277877161599,0.8316918836839806,0.7317073170731707,0.6467113370907102,0.83840190816935,0.7692307692307693,0.8992248062015504,0.7692307692307693,116,13,9,30
ecoli1,2,2,Cluster US,0.8869047619047619,0.8279666070363745,0.820624619694061,0.7466666666666667,0.674914199316779,0.9395746372490558,0.717948717948718,0.937984496124031,0.717948717948718,121,8,11,28
ecoli1,2,2,SMOTE,0.8869047619047619,0.8369111508646392,0.8316918836839806,0.7532467532467533,0.6800002385779311,0.9199960246471873,0.7435897435897436,0.9302325581395349,0.7435897435897436,120,9,10,29
ecoli1,2,2,Residual-Guided GMM,0.8988095238095238,0.8625521765056648,0.8598927974675409,0.7848101265822784,0.7187745484646576,0.9529914529914529,0.7948717948717948,0.9302325581395349,0.7948717948717948,120,9,8,31
ecoli1,3,1,Original GB,0.8511904761904762,0.8200404858299595,0.818065259762795,0.6987951807228916,0.6046994568647718,0.9326923076923077,0.7631578947368421,0.8769230769230769,0.7631578947368421,114,16,9,29
ecoli1,3,1,Random US,0.8392857142857143,0.858906882591093,0.8581592200539261,0.7157894736842105,0.6342731679725471,0.9076923076923077,0.8947368421052632,0.823076923076923,0.8947368421052632,107,23,4,34
ecoli1,3,1,Cluster US,0.8571428571428571,0.8425101214574899,0.8420862852112547,0.7209302325581395,0.6343889916388451,0.9229757085020243,0.8157894736842105,0.8692307692307693,0.8157894736842105,113,17,7,31
ecoli1,3,1,SMOTE,0.875,0.8633603238866396,0.8630986451472744,0.7529411764705882,0.6773129199588485,0.9421052631578946,0.8421052631578947,0.8846153846153846,0.8421052631578947,115,15,6,32
ecoli1,3,1,Residual-Guided GMM,0.8571428571428571,0.8518218623481781,0.8517664426792676,0.7272727272727273,0.643858283576116,0.945344129554656,0.8421052631578947,0.8615384615384616,0.8421052631578947,112,18,6,32
ecoli1,3,2,Original GB,0.8809523809523809,0.8151460942158617,0.8058373793340822,0.7297297297297297,0.6552533360275964,0.9483204134366925,0.6923076923076923,0.937984496124031,0.6923076923076923,121,8,12,27
ecoli1,3,2,Random US,0.8928571428571429,0.9033989266547406,0.9031845864150617,0.8,0.7408220046665419,0.913734843967402,0.9230769230769231,0.8837209302325582,0.9230769230769231,114,15,3,36
ecoli1,3,2,Cluster US,0.8988095238095238,0.8804412641621944,0.8797733757086786,0.7951807228915663,0.7306469733814452,0.9544822102961639,0.8461538461538461,0.9147286821705426,0.8461538461538461,118,11,6,33
ecoli1,3,2,SMOTE,0.8928571428571429,0.8765652951699463,0.8760375907831331,0.7857142857142857,0.7180234596945276,0.9499105545617172,0.8461538461538461,0.9069767441860465,0.8461538461538461,117,12,6,33
ecoli1,3,2,Residual-Guided GMM,0.8988095238095238,0.898330351818724,0.8983299065210449,0.8045977011494253,0.7445421901730782,0.9640230570463129,0.8974358974358975,0.8992248062015504,0.8974358974358975,116,13,4,35
glass1,1,1,Original GB,0.8037383177570093,0.7650648360030511,0.7533297557005156,0.6956521739130435,0.5592562078151937,0.8352402745995423,0.631578947368421,0.8985507246376812,0.631578947368421,62,7,14,24
glass1,1,1,Random US,0.7383177570093458,0.7379862700228832,0.737985383072924,0.6666666666666666,0.4601023043048442,0.7894736842105263,0.7368421052631579,0.7391304347826086,0.7368421052631579,51,18,10,28
glass1,1,1,Cluster US,0.719626168224299,0.7353165522501908,0.7333194645384359,0.6666666666666666,0.4506255368476752,0.7988176964149504,0.7894736842105263,0.6811594202898551,0.7894736842105263,47,22,8,30
glass1,1,1,SMOTE,0.7757009345794392,0.7610602593440122,0.7593806943171533,0.6923076923076923,0.516439803778553,0.8470633104500382,0.7105263157894737,0.8115942028985508,0.7105263157894737,56,13,11,27
glass1,1,1,Residual-Guided GMM,0.7663551401869159,0.7656369183829138,0.7656329050090825,0.6987951807228916,0.5150301708860041,0.8516399694889397,0.7631578947368421,0.7681159420289855,0.7631578947368421,53,16,9,29
glass1,1,2,Original GB,0.794392523364486,0.7873760488176964,0.787003509054873,0.725,0.5632686563007857,0.8489702517162472,0.7631578947368421,0.8115942028985508,0.7631578947368421,56,13,9,29
glass1,1,2,Random US,0.7383177570093458,0.7498093058733791,0.7487594622209768,0.6818181818181818,0.4792173375697683,0.8421052631578947,0.7894736842105263,0.7101449275362319,0.7894736842105263,49,20,8,30
glass1,1,2,Cluster US,0.7570093457943925,0.7702135774218154,0.7688639623007377,0.7045454545454546,0.5183595170506577,0.8512585812356979,0.8157894736842105,0.7246376811594203,0.8157894736842105,50,19,7,31
glass1,1,2,SMOTE,0.8130841121495327,0.8077803203661327,0.8075728530872482,0.75,0.6032618522026995,0.8499237223493517,0.7894736842105263,0.8260869565217391,0.7894736842105263,57,12,8,30
glass1,1,2,Residual-Guided GMM,0.7663551401869159,0.7656369183829138,0.7656329050090825,0.6987951807228916,0.5150301708860041,0.8638443935926774,0.7631578947368421,0.7681159420289855,0.7631578947368421,53,16,9,29
glass1,2,1,Original GB,0.7663551401869159,0.7479023646071701,0.7451854109683449,0.6753246753246753,0.49299242786131936,0.8192219679633868,0.6842105263157895,0.8115942028985508,0.6842105263157895,56,13,12,26
glass1,2,1,Random US,0.7102803738317757,0.7339816933638443,0.7294083995076498,0.6666666666666666,0.448069314191327,0.7868039664378337,0.8157894736842105,0.6521739130434783,0.8157894736842105,45,24,7,31
glass1,2,1,Cluster US,0.7383177570093458,0.755720823798627,0.7533297557005156,0.6888888888888889,0.48969922602328403,0.8119755911517926,0.8157894736842105,0.6956521739130435,0.8157894736842105,48,21,7,31
glass1,2,1,SMOTE,0.6915887850467289,0.6958428680396644,0.6956879281429601,0.6206896551724138,0.37622015942531867,0.8196033562166285,0.7105263157894737,0.6811594202898551,0.7105263157894737,47,22,11,27
glass1,2,1,Residual-Guided GMM,0.6822429906542056,0.694508009153318,0.6932165600190666,0.6222222222222222,0.37247815849645766,0.8249427917620137,0.7368421052631579,0.6521739130434783,0.7368421052631579,45,24,10,28
glass1,2,2,Original GB,0.794392523364486,0.7755530129672006,0.7728221040942469,0.7105263157894737,0.5511060259344012,0.8581235697940504,0.7105263157894737,0.8405797101449275,0.7105263157894737,58,11,11,27
glass1,2,2,Random US,0.7570093457943925,0.7761250953470633,0.7733154473325504,0.7111111111111111,0.5287729151988928,0.8096872616323417,0.8421052631578947,0.7101449275362319,0.8421052631578947,49,20,6,32
glass1,2,2,Cluster US,0.7289719626168224,0.7425629290617849,0.7410796749798176,0.6741573033707865,0.4648273419450938,0.8272311212814645,0.7894736842105263,0.6956521739130435,0.7894736842105263,48,21,8,30
glass1,2,2,SMOTE,0.7850467289719626,0.7742181540808544,0.7733154473325504,0.7088607594936709,0.5398568872034072,0.8565980167810832,0.7368421052631579,0.8115942028985508,0.7368421052631579,56,13,10,28
glass1,2,2,Residual-Guided GMM,0.822429906542056,0.8386727688787186,0.8367967692050114,0.7816091954022989,0.6506007820246991,0.8627002288329519,0.8947368421052632,0.782608695652174,0.8947368421052632,54,15,4,34
glass1,3,1,Original GB,0.8037383177570093,0.7532418001525554,0.7327991952536893,0.676923076923077,0.5580265414192476,0.8508771929824561,0.5789473684210527,0.927536231884058,0.5789473684210527,64,5,16,22
glass1,3,1,Random US,0.6635514018691588,0.6681922196796339,0.66800019183598,0.5909090909090909,0.32264861964621044,0.7711670480549199,0.6842105263157895,0.6521739130434783,0.6842105263157895,45,24,12,26
glass1,3,1,Cluster US,0.7289719626168224,0.7189168573607934,0.7180786296659397,0.6419753086419753,0.427367339890498,0.7875667429443174,0.6842105263157895,0.7536231884057971,0.6842105263157895,52,17,12,26
glass1,3,1,SMOTE,0.8130841121495327,0.7841342486651411,0.7777414542388075,0.7222222222222222,0.5840755628368569,0.8310450038138826,0.6842105263157895,0.8840579710144928,0.6842105263157895,61,8,12,26
glass1,3,1,Residual-Guided GMM,0.7757009345794392,0.778794813119756,0.7787215950867564,0.7142857142857143,0.5389980519981428,0.8310450038138826,0.7894736842105263,0.7681159420289855,0.7894736842105263,53,16,8,30
glass1,3,2,Original GB,0.8037383177570093,0.770976353928299,0.7626382407103287,0.704225352112676,0.561571300092629,0.8581235697940502,0.6578947368421053,0.8840579710144928,0.6578947368421053,61,8,13,25
glass1,3,2,Random US,0.7663551401869159,0.7656369183829138,0.7656329050090825,0.6987951807228916,0.5150301708860041,0.8699466056445462,0.7631578947368421,0.7681159420289855,0.7631578947368421,53,16,9,29
glass1,3,2,Cluster US,0.794392523364486,0.7814645308924485,0.7801894976054939,0.717948717948718,0.5568043465136189,0.8257055682684974,0.7368421052631579,0.8260869565217391,0.7368421052631579,57,12,10,28
glass1,3,2,SMOTE,0.7850467289719626,0.7623951182303585,0.7583755572858574,0.6933333333333334,0.528022231517588,0.84744469870328,0.6842105263157895,0.8405797101449275,0.6842105263157895,58,11,12,26
glass1,3,2,Residual-Guided GMM,0.8037383177570093,0.7946224256292906,0.7939992333804207,0.7341772151898734,0.5800270450133965,0.8764302059496567,0.7631578947368421,0.8260869565217391,0.7631578947368421,57,12,9,29
