Dataset,Repeat,Method,Accuracy,Balanced_Accuracy,GMean,F1,MCC,ROC_AUC,Sensitivity,Specificity,Minority_Recall
yeast1,1,Original GB,0.772911051212938,0.6860091144937517,0.6534344521469746,0.5495497430170797,0.4125018732278869,0.7955289921556117,0.48010215170615084,0.8919160772813524,0.48010215170615084
yeast1,1,Random US,0.7048517520215634,0.7149353234827148,0.7144087862812074,0.591302682659332,0.393352765660718,0.7809221546923352,0.73888285155401,0.6909877954114196,0.73888285155401
yeast1,1,Cluster US,0.6772237196765498,0.6982969959951506,0.6965071412581774,0.5727049910873441,0.360403840852563,0.7711261867096666,0.7482503803520973,0.6483436116382038,0.7482503803520973
yeast1,1,SMOTE,0.7473045822102427,0.7178227266003616,0.7142655466343062,0.5971234647705236,0.41760422796723984,0.7913938475083999,0.6479787002825472,0.787666752918176,0.6479787002825472
yeast1,1,Residual-Guided GMM,0.6846361185983827,0.7042470027569239,0.7020640739140673,0.57938413581027,0.37236587397778353,0.7953362011608718,0.7506411649641382,0.6578528405497096,0.7506411649641382
yeast1,2,Original GB,0.7735849056603774,0.6858013366899999,0.6529247953407913,0.5487704004200562,0.4106581575201123,0.7845328586413434,0.47776570310802,0.8938369702719797,0.47776570310802
yeast1,2,Random US,0.6913746630727763,0.6917174160928032,0.6907760322058227,0.5641379410241647,0.35279493620935365,0.7640464064395578,0.6924146924581612,0.6910201397274452,0.6924146924581612
yeast1,2,Cluster US,0.6691374663072776,0.7015934388742995,0.6973613480484149,0.5763653147519505,0.3656161229124698,0.7712178972060098,0.7785372745055423,0.6246496032430567,0.7785372745055423
yeast1,2,SMOTE,0.7277628032345014,0.6957584292822794,0.691257328780579,0.5678464257820529,0.37409552470280477,0.7795621294154815,0.6199521843077591,0.7715646742567995,0.6199521843077591
yeast1,2,Residual-Guided GMM,0.6826145552560647,0.711081190672562,0.707870309748204,0.5864798199364845,0.38312066633081016,0.7900082865545588,0.7785590089111063,0.6436033724340176,0.7785590089111063
yeast1,3,Original GB,0.772911051212938,0.6777753079850002,0.6391177128229814,0.5351690335936192,0.40346859336786456,0.7936299432556551,0.45222777657031077,0.9033228393996895,0.45222777657031077
yeast1,3,Random US,0.692722371967655,0.7106542364450625,0.7077304178773614,0.5867810159083089,0.3858240674797181,0.788724673718657,0.7530102151706151,0.66829825771951,0.7530102151706151
yeast1,3,Cluster US,0.6704851752021563,0.6984696051646102,0.6939524734454903,0.5729303105605269,0.3614678601983158,0.7747121125841583,0.7646707237557053,0.6322684865735151,0.7646707237557053
yeast1,3,SMOTE,0.7432614555256065,0.7074084377005967,0.7022567621916523,0.5835881509794554,0.40070751435778207,0.7941666139896961,0.6223973049337101,0.7924195704674832,0.6223973049337101
yeast1,3,Residual-Guided GMM,0.6947439353099731,0.7252231856614135,0.7198206968062715,0.6018813745781357,0.41103940388645077,0.805500882044003,0.797315800912845,0.6531305704099821,0.797315800912845
vehicle0,1,Original GB,0.9468085106382979,0.9269104703728026,0.9261451696116066,0.887671508267578,0.8530637889955379,0.9871954166903141,0.8893434343434343,0.964477506402171,0.8893434343434343
vehicle0,1,Random US,0.9231678486997636,0.9340812754306047,0.9338529343352133,0.8540925985778927,0.8110850442428992,0.9816973793278116,0.9546969696969697,0.9134655811642396,0.9546969696969697
vehicle0,1,Cluster US,0.9137115839243499,0.9260861973710272,0.9257551860920596,0.8394452095219358,0.7917804580774759,0.9741235019614792,0.9494949494949495,0.9026774452471047,0.9494949494949495
vehicle0,1,SMOTE,0.9373522458628842,0.9328906540464849,0.9328281827616047,0.8741819002482509,0.8348677101280007,0.9870716857834161,0.9244949494949495,0.9412863585980201,0.9244949494949495
vehicle0,1,Residual-Guided GMM,0.9302600472813238,0.9403935728110135,0.9400881400669767,0.8659755646057016,0.8266290228986803,0.986208509434057,0.9595959595959596,0.9211911860260673,0.9595959595959596
vehicle0,2,Original GB,0.9515366430260048,0.9282841921103016,0.9272354236445214,0.8956897891519453,0.8642969661114108,0.9907271642388027,0.8843939393939394,0.9721744448266636,0.8843939393939394
vehicle0,2,Random US,0.9278959810874705,0.9389093984217823,0.9386347036282987,0.862383263325313,0.8221059430798536,0.9833642776424567,0.9597474747474748,0.9180713220960899,0.9597474747474748
vehicle0,2,Cluster US,0.9408983451536643,0.9456444301980937,0.9455614995248551,0.8836102457597785,0.8485143725882487,0.9875869432775177,0.9546464646464646,0.936642395749723,0.9546464646464646
vehicle0,2,SMOTE,0.9539007092198581,0.947205196095805,0.9470888476893771,0.9050066312997347,0.8754141974278276,0.9899566509416298,0.9345959595959596,0.9598144325956504,0.9345959595959596
vehicle0,2,Residual-Guided GMM,0.9408983451536643,0.9560990885810288,0.9556165180981226,0.8868407578084998,0.8552322877619918,0.9901340643371375,0.9848484848484849,0.9273496923135727,0.9848484848484849
vehicle0,3,Original GB,0.9491725768321513,0.9301906057478813,0.9294351763261864,0.8922322775263952,0.8592121136170866,0.9832111428854922,0.8943939393939394,0.9659872721018232,0.8943939393939394
vehicle0,3,Random US,0.9267139479905437,0.941714704666201,0.941062386700325,0.8622286079182631,0.8235211182417412,0.9844671749023315,0.9699494949494949,0.9134799143829071,0.9699494949494949
vehicle0,3,Cluster US,0.9290780141843972,0.9362132939300122,0.9361140487879487,0.8630136986301369,0.8219396682912355,0.9827861595737986,0.9496969696969697,0.9227296181630547,0.9496969696969697
vehicle0,3,SMOTE,0.9479905437352246,0.9346727769612186,0.9343227455925831,0.8918748331027117,0.8580907378590245,0.988037038195277,0.9095454545454545,0.9598000993769827,0.9095454545454545
vehicle0,3,Residual-Guided GMM,0.9432624113475178,0.9559139033958435,0.9555643873239821,0.8905624165554071,0.8593893231857853,0.9888625524441371,0.9798484848484849,0.9319793219432022,0.9798484848484849
page-blocks0,1,Original GB,0.9722222222222222,0.9155686131289,0.9127958085047734,0.8613396826453987,0.8461305129046526,0.9893954864790588,0.8443676395289299,0.9867695867288702,0.8443676395289299
page-blocks0,1,Random US,0.939327485380117,0.9456166271063298,0.9455832431430582,0.7650807590033157,0.7517891179930828,0.9835059403321843,0.9535202252944188,0.9377130289182407,0.9535202252944188
page-blocks0,1,Cluster US,0.8216374269005848,0.8840392654252064,0.8803113754321805,0.5264178603060196,0.524125744719401,0.9576969540432948,0.9624551971326165,0.8056233337177963,0.9624551971326165
page-blocks0,1,SMOTE,0.9629020467836258,0.935773214066006,0.9349834927750518,0.8321083647078081,0.8145823704383949,0.9862264326745285,0.9016705069124424,0.9698759212195694,0.9016705069124424
page-blocks0,1,Residual-Guided GMM,0.9404239766081872,0.9493894742646976,0.9493222617439178,0.7674418604651163,0.7550333102877951,0.9870220387108477,0.9606566820276499,0.9381222665017453,0.9606566820276499
page-blocks0,2,Original GB,0.9742324561403508,0.9158683282264768,0.9127940907671032,0.8695275456251066,0.8559080503537726,0.9898256458726191,0.8425243215565796,0.989212334896374,0.8425243215565796
page-blocks0,2,Random US,0.9391447368421053,0.9486643398748054,0.9485702331778919,0.7635040893305465,0.7512171634747248,0.985618859389289,0.9606310803891449,0.9366975993604658,0.9606310803891449
page-blocks0,2,Cluster US,0.8090277777777777,0.8754020238252402,0.8713002794102345,0.5066536203522505,0.5041862996247177,0.9462913948736285,0.958826164874552,0.7919778827759284,0.958826164874552
page-blocks0,2,SMOTE,0.9638157894736843,0.939424157022271,0.9389222604357036,0.8369391449734416,0.8200026624665702,0.988889606371262,0.908768561187916,0.9700797528566258,0.908768561187916
page-blocks0,2,Residual-Guided GMM,0.9409722222222222,0.9512783886739703,0.9511702768407178,0.7701320583063735,0.7583616445638024,0.9874149046905967,0.9642281105990784,0.9383286667488622,0.9642281105990784
page-blocks0,3,Original GB,0.9727704678362573,0.9158547450636607,0.9129891966521861,0.8635453297163334,0.848812434171558,0.9907030489050384,0.8443292370711726,0.9873802530561488,0.8443292370711726
page-blocks0,3,Random US,0.941703216374269,0.9413914383613343,0.9413289039775641,0.7675254043832676,0.752426985666999,0.9849210229740903,0.940994623655914,0.9417882530667547,0.940994623655914
page-blocks0,3,Cluster US,0.8181652046783625,0.8805139603769687,0.8770170338137507,0.5186613138194088,0.5158534146454237,0.951116128130141,0.9588709677419355,0.8021569530120018,0.9588709677419355
page-blocks0,3,SMOTE,0.9665570175438596,0.9496615237480269,0.9494025054039068,0.8505227715754031,0.8358379831181846,0.9903536509262064,0.9284306195596519,0.970892427936402,0.9284306195596519
page-blocks0,3,Residual-Guided GMM,0.9354897660818713,0.9410981132492638,0.9410541610934808,0.7501712939404017,0.7361699850755574,0.9868214747161267,0.9481438812083973,0.9340523452901304,0.9481438812083973
pima,1,Original GB,0.74609375,0.7106417910447762,0.7003788720692616,0.6194004869141814,0.4311921280902197,0.8169850746268656,0.5932835820895522,0.8280000000000001,0.5932835820895522
pima,1,Random US,0.7526041666666667,0.7537313432835822,0.7531091868376906,0.6817735657471653,0.49043582093372534,0.815731343283582,0.7574626865671642,0.75,0.7574626865671642
pima,1,Cluster US,0.7408854166666667,0.7369402985074627,0.73671614051293,0.661092530657748,0.45861773370134495,0.8214776119402984,0.7238805970149254,0.75,0.7238805970149254
pima,1,SMOTE,0.7395833333333333,0.7281492537313433,0.7268227443510611,0.6489446901837089,0.44564088588121153,0.8144328358208955,0.6902985074626866,0.766,0.6902985074626866
pima,1,Residual-Guided GMM,0.7434895833333334,0.7571194029850746,0.7549320614627582,0.6862407211028632,0.4927728207381754,0.8314776119402985,0.8022388059701493,0.712,0.8022388059701493
pima,2,Original GB,0.7591145833333334,0.7215074626865672,0.7096601772442455,0.6334781103452617,0.45950244843959276,0.8121641791044776,0.5970149253731343,0.8460000000000001,0.5970149253731343
pima,2,Random US,0.74609375,0.7521940298507463,0.7487539407064914,0.6787878787878787,0.4881472128658549,0.8114776119402984,0.7723880597014925,0.732,0.7723880597014925
pima,2,Cluster US,0.7174479166666667,0.7094179104477611,0.7082461130273536,0.6279121863799283,0.40697290312999557,0.7963283582089553,0.6828358208955224,0.736,0.6828358208955224
pima,2,SMOTE,0.75390625,0.7443432835820896,0.7431800367076868,0.6693823883604906,0.477827558777923,0.8171940298507463,0.7126865671641791,0.776,0.7126865671641791
pima,2,Residual-Guided GMM,0.734375,0.7405970149253731,0.7381328110115604,0.6674900920446368,0.46500633207250525,0.8187761194029851,0.7611940298507462,0.72,0.7611940298507462
pima,3,Original GB,0.7486979166666667,0.7161044776119403,0.7068789815260468,0.6271731364610622,0.44005802893188034,0.8255074626865673,0.6082089552238805,0.8240000000000001,0.6082089552238805
pima,3,Random US,0.7395833333333333,0.7463283582089553,0.745262576335483,0.6733071565365316,0.4733862904828997,0.8242089552238807,0.7686567164179104,0.724,0.7686567164179104
pima,3,Cluster US,0.73828125,0.7297462686567164,0.7277824074258682,0.6510004821600771,0.448315538493908,0.8144029850746268,0.7014925373134329,0.758,0.7014925373134329
pima,3,SMOTE,0.75,0.7370149253731343,0.7356675546638487,0.6595059616642351,0.4643284549616685,0.8134776119402986,0.6940298507462687,0.78,0.6940298507462687
pima,3,Residual-Guided GMM,0.7526041666666666,0.7580597014925373,0.7577521051469229,0.6865466748017084,0.4957797133677588,0.8229253731343285,0.7761194029850746,0.74,0.7761194029850746
abalone19,1,Original GB,0.9899377096310493,0.4987928536938677,0.0,0.0,-0.0043073938283852775,0.7771834258812168,0.0,0.9975857073877354,0.0
abalone19,1,Random US,0.5701964542405367,0.6438993843553839,0.6369322390377248,0.024893213099193165,0.05065913845133733,0.6441030902945437,0.71875,0.5690487687107677,0.71875
abalone19,1,Cluster US,0.7781504551988501,0.7486796837276678,0.747916713376531,0.04733437203630944,0.10386322484345423,0.7738864075325929,0.71875,0.7786093674553356,0.71875
abalone19,1,SMOTE,0.9120747484427407,0.6301077378078224,0.5607637893518208,0.05694223635400106,0.0815091785135944,0.7773871318203767,0.34375,0.9164654756156446,0.34375
abalone19,1,Residual-Guided GMM,0.7601820795400096,0.770634657170449,0.7702674406190886,0.04758845944474687,0.1099220300902458,0.8165741187831965,0.78125,0.7600193143408981,0.78125
abalone19,2,Original GB,0.9896981312889315,0.49867213906325447,0.0,0.0,-0.004011689914837271,0.7107300217286334,0.0,0.9973442781265089,0.0
abalone19,2,Random US,0.6959750838524197,0.6297531385803959,0.6211545786281967,0.027298850574712645,0.04885806370462866,0.6035429744084984,0.5625,0.6970062771607919,0.5625
abalone19,2,Cluster US,0.7647340680402492,0.6799025229357798,0.6735103450693194,0.03932773109243698,0.07626566121141676,0.7224091622404635,0.59375,0.7660550458715596,0.59375
abalone19,2,SMOTE,0.9250119789171058,0.5901134717527765,0.4397644541834049,0.04896888166161579,0.0614491494692104,0.6968327498792855,0.25,0.9302269435055529,0.25
abalone19,2,Residual-Guided GMM,0.7767129851461427,0.7169468252052149,0.689353035825162,0.04129199038234354,0.08839305573866593,0.8080486479961371,0.65625,0.7776436504104298,0.65625
abalone19,3,Original GB,0.9892189746046958,0.49843070980202797,0.0,0.0,-0.004818129946069517,0.7817705818445195,0.0,0.9968614196040559,0.0
abalone19,3,Random US,0.6612362242453282,0.5967452317720908,0.5930155712783485,0.023552330022918257,0.03572568852323904,0.6358567720907774,0.53125,0.6622404635441816,0.53125
abalone19,3,Cluster US,0.7585050311451844,0.6767639425398358,0.6693800210981218,0.03622425093632958,0.0717796785118854,0.7555604176726218,0.59375,0.7597778850796717,0.59375
abalone19,3,SMOTE,0.9151892668902731,0.6316770280057944,0.5615850782669062,0.058399341339465685,0.08340931920810923,0.7805181675519073,0.34375,0.9196040560115886,0.34375
abalone19,3,Residual-Guided GMM,0.7728797316722569,0.7460239618541767,0.7432374348244895,0.046100505792135746,0.10170136969973913,0.7996740704973444,0.71875,0.7732979237083535,0.71875
winequality-red-4,1,Original GB,0.9593515331664582,0.5411543621440129,0.28869087410119415,0.12427325581395349,0.11841251967507585,0.7408568385282486,0.0933048433048433,0.9890038809831825,0.0933048433048433
winequality-red-4,1,Random US,0.6435090738423028,0.6433793854557115,0.6405415226776916,0.10628315781138649,0.10634114831754336,0.6962937163454628,0.6431623931623931,0.6435963777490298,0.6431623931623931
winequality-red-4,1,Cluster US,0.5653731226533166,0.6111760705874548,0.6088456314420922,0.09176258893986429,0.08024158726743486,0.6830654791521544,0.6602564102564102,0.5620957309184994,0.6602564102564102
winequality-red-4,1,SMOTE,0.90056711514393,0.5840207059482609,0.47529937794966926,0.14047451256753582,0.10943497806345341,0.6806094580997557,0.245014245014245,0.9230271668822768,0.245014245014245
winequality-red-4,1,Residual-Guided GMM,0.6109934292866082,0.6630174183537703,0.6584108089589501,0.10858602504943968,0.11872238259956575,0.7106096792383985,0.7186609686609686,0.6073738680465718,0.7186609686609686
winequality-red-4,2,Original GB,0.9574749687108886,0.513376584366235,0.19321367497158198,0.05572755417956656,0.04488946045343952,0.6978730148199747,0.03774928774928775,0.9890038809831825,0.03774928774928775
winequality-red-4,2,Random US,0.6985035982478098,0.6360965528171221,0.6177894491904419,0.1120254208072905,0.10760749626350005,0.6946987538837474,0.569088319088319,0.703104786545925,0.569088319088319
winequality-red-4,2,Cluster US,0.5659073842302879,0.59576455000129,0.5638798565084633,0.08375254521499581,0.0696645739760462,0.677221890514258,0.6274928774928774,0.5640362225097024,0.6274928774928774
winequality-red-4,2,SMOTE,0.9055616395494368,0.5412165573873207,0.3749908801447558,0.09622587150677038,0.05780020378400274,0.6872344032758004,0.150997150997151,0.9314359637774903,0.150997150997151
winequality-red-4,2,Residual-Guided GMM,0.6640941802252815,0.6090167438809094,0.5911239755530306,0.10056962025316456,0.08578328050966283,0.6931203768202475,0.5498575498575499,0.6681759379042691,0.5498575498575499
winequality-red-4,3,Original GB,0.9618507509386733,0.5152843658665134,0.13564193705105648,0.058823529411764705,0.05826821049162222,0.7100425507605327,0.037037037037037035,0.9935316946959897,0.037037037037037035
winequality-red-4,3,Random US,0.6785395807259074,0.6343269829686389,0.6290984993358335,0.10698687314742,0.10182151530918115,0.6720375714554239,0.5868945868945868,0.6817593790426908,0.5868945868945868
winequality-red-4,3,Cluster US,0.6254231852315394,0.6518720307530139,0.65125013210428,0.10952252252252252,0.11284621291253284,0.6865567054764985,0.6801994301994302,0.6235446313065977,0.6801994301994302
winequality-red-4,3,SMOTE,0.8986795994993743,0.6116386189154623,0.5171327241242112,0.15918989547038326,0.13633480913194335,0.70662457661164,0.3041310541310541,0.9191461836998707,0.3041310541310541
winequality-red-4,3,Residual-Guided GMM,0.6435434918648311,0.6884147307821304,0.686734176237298,0.12102203182374541,0.13984652725820812,0.7499861788348205,0.7364672364672364,0.6403622250970246,0.7364672364672364
shuttle-2_vs_5,1,Original GB,1.0,1.0,1.0,1.0,1.0,1.0,1.0,1.0,1.0
shuttle-2_vs_5,1,Random US,1.0,1.0,1.0,1.0,1.0,1.0,1.0,1.0,1.0
shuttle-2_vs_5,1,Cluster US,1.0,1.0,1.0,1.0,1.0,1.0,1.0,1.0,1.0
shuttle-2_vs_5,1,SMOTE,1.0,1.0,1.0,1.0,1.0,1.0,1.0,1.0,1.0
shuttle-2_vs_5,1,Residual-Guided GMM,1.0,1.0,1.0,1.0,1.0,1.0,1.0,1.0,1.0
shuttle-2_vs_5,2,Original GB,1.0,1.0,1.0,1.0,1.0,1.0,1.0,1.0,1.0
shuttle-2_vs_5,2,Random US,0.9873341375150784,0.9935701163502756,0.9935282325766942,0.7717391304347826,0.8014703497402205,1.0,1.0,0.9871402327005512,1.0
shuttle-2_vs_5,2,Cluster US,0.9873341375150784,0.9935701163502756,0.9935282325766942,0.7717391304347826,0.8014703497402205,1.0,1.0,0.9871402327005512,1.0
shuttle-2_vs_5,2,SMOTE,1.0,1.0,1.0,1.0,1.0,1.0,1.0,1.0,1.0
shuttle-2_vs_5,2,Residual-Guided GMM,1.0,1.0,1.0,1.0,1.0,1.0,1.0,1.0,1.0
shuttle-2_vs_5,3,Original GB,1.0,1.0,1.0,1.0,1.0,1.0,1.0,1.0,1.0
shuttle-2_vs_5,3,Random US,0.9978890229191797,0.9989290085679314,0.9989278590817829,0.9363636363636363,0.9389979868287426,1.0,1.0,0.9978580171358629,1.0
shuttle-2_vs_5,3,Cluster US,0.988238841978287,0.9940293937538274,0.9939933134707668,0.7808988764044944,0.8087458209192293,1.0,1.0,0.9880587875076546,1.0
shuttle-2_vs_5,3,SMOTE,1.0,1.0,1.0,1.0,1.0,1.0,1.0,1.0,1.0
shuttle-2_vs_5,3,Residual-Guided GMM,1.0,1.0,1.0,1.0,1.0,1.0,1.0,1.0,1.0
ecoli1,1,Original GB,0.8958333333333333,0.855616231993221,0.8497850445756611,0.7707985299031073,0.7067854446599865,0.9415582598416137,0.7807017543859649,0.9305307096004771,0.7807017543859649
ecoli1,1,Random US,0.8779761904761905,0.8713084141480714,0.8688549473487558,0.7627255588472933,0.6949556355041162,0.9178575725240352,0.8582995951417004,0.8843172331544424,0.8582995951417004
ecoli1,1,Cluster US,0.8869047619047619,0.886037096318614,0.8848878368638473,0.7815482502651114,0.7179743779917804,0.9317706535270794,0.8839406207827261,0.888133571854502,0.8839406207827261
ecoli1,1,SMOTE,0.8898809523809523,0.8743448513950349,0.8725140199432173,0.7774741081703107,0.7114435595487136,0.9483891975018046,0.8451417004048583,0.9035480023852116,0.8451417004048583
ecoli1,1,Residual-Guided GMM,0.8898809523809523,0.8834580861814643,0.8822652312526215,0.7825431625102768,0.7180129067721707,0.9480108851436881,0.8711201079622132,0.8957960644007155,0.8711201079622132
ecoli1,2,Original GB,0.8898809523809523,0.8467917333584408,0.8422617582003822,0.7610944277610945,0.6917785868874109,0.9409278264235426,0.7668690958164642,0.9267143709004174,0.7668690958164642
ecoli1,2,Random US,0.8720238095238095,0.8674175375827763,0.8655421956042084,0.7529504327301337,0.6805147959589307,0.8897475127891284,0.8582995951417004,0.8765354800238521,0.8582995951417004
ecoli1,2,Cluster US,0.8303571428571428,0.7896918055424788,0.7854641009886444,0.6668115942028986,0.562678065096689,0.847520112146795,0.7142375168690958,0.8651460942158616,0.7142375168690958
ecoli1,2,SMOTE,0.8839285714285714,0.8567146847440605,0.8540863506023479,0.7603443068559348,0.6886891040549974,0.9329737208256179,0.8060053981106613,0.9074239713774597,0.8060053981106613
ecoli1,2,Residual-Guided GMM,0.8988095238095238,0.8892720396698364,0.8876735773461899,0.7968994453136111,0.7378911516754335,0.961111111111111,0.8711201079622132,0.9074239713774597,0.8711201079622132
ecoli1,3,Original GB,0.8660714285714286,0.8175932900229106,0.8119513195484386,0.7142624552263106,0.6299763964461841,0.9405063605645001,0.7277327935222673,0.9074537865235539,0.7277327935222673
ecoli1,3,Random US,0.8660714285714286,0.8811529046229168,0.8806719032344938,0.7578947368421053,0.6875475863195445,0.9107135758298548,0.9089068825910931,0.8533989266547406,0.9089068825910931
ecoli1,3,Cluster US,0.8779761904761905,0.8614756928098422,0.8609298304599666,0.7580554777248529,0.6825179825101452,0.9387289593990941,0.8309716599190283,0.8919797257006559,0.8309716599190283
ecoli1,3,SMOTE,0.8839285714285714,0.869962809528293,0.8695681179652037,0.7693277310924369,0.6976681898266881,0.9460079088598059,0.8441295546558705,0.8957960644007155,0.8441295546558705
ecoli1,3,Residual-Guided GMM,0.8779761904761905,0.8750761070834511,0.8750481746001563,0.7659352142110762,0.6942002368745971,0.9546835933004845,0.869770580296896,0.880381633870006,0.869770580296896
glass1,1,Original GB,0.7990654205607477,0.7762204424103738,0.7701666323776943,0.7103260869565218,0.5612624320579898,0.8421052631578947,0.6973684210526316,0.855072463768116,0.6973684210526316
glass1,1,Random US,0.7383177570093458,0.7438977879481312,0.7433724226469505,0.6742424242424242,0.4696598209373063,0.8157894736842105,0.763157894736842,0.7246376811594203,0.763157894736842
glass1,1,Cluster US,0.7383177570093458,0.7527650648360031,0.7510917134195868,0.6856060606060606,0.48449252694916645,0.8250381388253241,0.8026315789473684,0.7028985507246377,0.8026315789473684
glass1,1,SMOTE,0.794392523364486,0.7844202898550725,0.7834767737022008,0.7211538461538461,0.5598508279906262,0.848493516399695,0.75,0.818840579710145,0.75
glass1,1,Residual-Guided GMM,0.7663551401869159,0.7656369183829138,0.7656329050090825,0.6987951807228916,0.5150301708860041,0.8577421815408086,0.7631578947368421,0.7681159420289855,0.7631578947368421
glass1,2,Original GB,0.780373831775701,0.7617276887871853,0.7590037575312959,0.6929254955570745,0.5220492268978603,0.8386727688787186,0.6973684210526316,0.8260869565217391,0.6973684210526316
glass1,2,Random US,0.733644859813084,0.7550533943554538,0.7513619234201001,0.6888888888888889,0.4884211146951099,0.7982456140350878,0.8289473684210527,0.6811594202898551,0.8289473684210527
glass1,2,Cluster US,0.733644859813084,0.749141876430206,0.7472047153401666,0.6815230961298377,0.47726328398418894,0.8196033562166285,0.8026315789473684,0.6956521739130435,0.8026315789473684
glass1,2,SMOTE,0.7383177570093458,0.7350305110602594,0.7345016877377553,0.6647752073330424,0.4580385233143629,0.8381006864988558,0.7236842105263157,0.7463768115942029,0.7236842105263157
glass1,2,Residual-Guided GMM,0.7523364485981308,0.7665903890160183,0.765006664612039,0.7019157088122605,0.5115394702605783,0.8438215102974829,0.8157894736842105,0.7173913043478262,0.8157894736842105
glass1,3,Original GB,0.8037383177570093,0.7621090770404272,0.7477187179820091,0.6905742145178765,0.5597989207559383,0.8545003813882532,0.618421052631579,0.9057971014492754,0.618421052631579
glass1,3,Random US,0.7149532710280373,0.7169145690312739,0.7168165484225313,0.6448521358159913,0.41883939526610725,0.820556826849733,0.7236842105263158,0.7101449275362319,0.7236842105263158
glass1,3,Cluster US,0.7616822429906542,0.750190694126621,0.7491340636357169,0.6799620132953466,0.49208584320205845,0.8066361556064074,0.7105263157894737,0.7898550724637681,0.7105263157894737
glass1,3,SMOTE,0.7990654205607477,0.7732646834477499,0.7680585057623324,0.7077777777777778,0.5560488971772224,0.8392448512585813,0.6842105263157895,0.8623188405797102,0.6842105263157895
glass1,3,Residual-Guided GMM,0.7897196261682242,0.7867086193745233,0.7863604142335885,0.7242314647377939,0.5595125485057697,0.8537376048817696,0.7763157894736843,0.7971014492753623,0.7763157894736843
