Dataset,Method,Accuracy,Accuracy_Mean,Accuracy_Std,Balanced_Accuracy,Balanced_Accuracy_Mean,Balanced_Accuracy_Std,GMean,GMean_Mean,GMean_Std,F1,F1_Mean,F1_Std,MCC,MCC_Mean,MCC_Std,ROC_AUC,ROC_AUC_Mean,ROC_AUC_Std,Sensitivity,Sensitivity_Mean,Sensitivity_Std,Specificity,Specificity_Mean,Specificity_Std,Minority_Recall,Minority_Recall_Mean,Minority_Recall_Std
yeast1,Original GB,0.7731 ± 0.0004,0.7731356693620844,0.0003890500466237598,0.6832 ± 0.0047,0.6831952530562506,0.004694959673464892,0.6485 ± 0.0081,0.6484923201035824,0.00812264635227621,0.5445 ± 0.0081,0.544496392343585,0.00808712307676882,0.4089 ± 0.0048,0.40887620803862124,0.00477300159473166,0.7912 ± 0.0059,0.7912305980175368,0.005877616969883681,0.4700 ± 0.0155,0.4700318771281606,0.01546299600719236,0.8964 ± 0.0061,0.8963586289843405,0.006107178358481239,0.4700 ± 0.0155,0.4700318771281606,0.01546299600719236
yeast1,Random US,0.6963 ± 0.0074,0.6963162623539981,0.007422601815749479,0.7058 ± 0.0124,0.7057689920068602,0.012355849457134378,0.7043 ± 0.0122,0.7043050787881304,0.012183040556612392,0.5807 ± 0.0146,0.5807405465306018,0.014554939015798369,0.3773 ± 0.0216,0.37732392311659657,0.021573681259741434,0.7779 ± 0.0126,0.7778977449501833,0.012614060000292589,0.7281 ± 0.0317,0.7281025863942622,0.03170354760724316,0.6834 ± 0.0131,0.6834353976194582,0.013109157669417573,0.7281 ± 0.0317,0.7281025863942622,0.03170354760724316
yeast1,Cluster US,0.6723 ± 0.0043,0.6722821203953279,0.004332277969898004,0.6995 ± 0.0019,0.6994533466780201,0.0018553825583359667,0.6959 ± 0.0018,0.6959403209173608,0.0017737165750729795,0.5740 ± 0.0021,0.5740002054666071,0.0020513406993870774,0.3625 ± 0.0028,0.3624959413211162,0.002754030530749528,0.7724 ± 0.0020,0.7723520654999448,0.002044375059416211,0.7638 ± 0.0152,0.7638194595377817,0.015161381119213148,0.6351 ± 0.0121,0.6350872338182585,0.012095888164150487,0.7638 ± 0.0152,0.7638194595377817,0.015161381119213148
yeast1,SMOTE,0.7394 ± 0.0103,0.7394429469901169,0.010315330191558898,0.7070 ± 0.0110,0.7069965311944125,0.011037914398225797,0.7026 ± 0.0115,0.7025932125355125,0.011507798283188467,0.5829 ± 0.0147,0.5828526805106773,0.014652369794369149,0.3975 ± 0.0219,0.3974690890092756,0.021934387704961193,0.7884 ± 0.0078,0.7883741969711925,0.007756381852691414,0.6301 ± 0.0155,0.6301093965080055,0.015523487583626344,0.7839 ± 0.0109,0.7838836658808196,0.010930026744649712,0.6301 ± 0.0155,0.6301093965080055,0.015523487583626344
yeast1,Residual-Guided GMM,0.6873 ± 0.0065,0.6873315363881402,0.006498416954847052,0.7135 ± 0.0107,0.7135171263636332,0.0106981493413079,0.7099 ± 0.0091,0.7099183601561809,0.009053744915182776,0.5892 ± 0.0115,0.5892484434416301,0.011501321451447366,0.3888 ± 0.0200,0.38884198139834814,0.01996147698632726,0.7969 ± 0.0079,0.7969484565864778,0.007871127899985769,0.7755 ± 0.0235,0.7755053249293632,0.023486680259912088,0.6515 ± 0.0073,0.6515289277979031,0.0072584970681024335,0.7755 ± 0.0235,0.7755053249293632,0.023486680259912088
vehicle0,Original GB,0.9492 ± 0.0024,0.9491725768321513,0.002364066193853487,0.9285 ± 0.0016,0.9284617560769952,0.0016472609815726116,0.9276 ± 0.0017,0.9276052565274382,0.0016758932891028399,0.8919 ± 0.0040,0.8918645249819729,0.00402177057222305,0.8589 ± 0.0056,0.8588576229080118,0.005624972424488671,0.9870 ± 0.0038,0.9870445746048696,0.003760280474500657,0.8894 ± 0.0050,0.8893771043771044,0.005000085024614636,0.9675 ± 0.0041,0.9675464077768859,0.004078467030337206,0.8894 ± 0.0050,0.8893771043771044,0.005000085024614636
vehicle0,Random US,0.9259 ± 0.0025,0.9259259259259259,0.002460598108115991,0.9382 ± 0.0039,0.9382351261728626,0.003861125842673535,0.9379 ± 0.0037,0.937850008221279,0.003668223141052367,0.8596 ± 0.0047,0.8595681566071564,0.0047426028056972176,0.8189 ± 0.0068,0.8189040351881647,0.0068083143828934515,0.9832 ± 0.0014,0.9831762772908667,0.0013944353625413841,0.9615 ± 0.0078,0.9614646464646465,0.007769902874194782,0.9150 ± 0.0027,0.9150056058810788,0.002654997795389947,0.9615 ± 0.0078,0.9614646464646465,0.007769902874194782
vehicle0,Cluster US,0.9279 ± 0.0136,0.9278959810874704,0.013631870679279892,0.9360 ± 0.0098,0.9359813071663777,0.009781179950461627,0.9358 ± 0.0099,0.9358102448016211,0.009906651078750836,0.8620 ± 0.0221,0.8620230513039505,0.02209917742962735,0.8207 ± 0.0284,0.8207448329856534,0.028385823706289,0.9815 ± 0.0068,0.9814988682709318,0.006823408399871013,0.9513 ± 0.0029,0.9512794612794613,0.002917659472173715,0.9207 ± 0.0171,0.9206831530532941,0.01707470293286029,0.9513 ± 0.0029,0.9512794612794613,0.002917659472173715
vehicle0,SMOTE,0.9464 ± 0.0084,0.946414499605989,0.008386050691013655,0.9383 ± 0.0078,0.9382562090345029,0.007801106818158563,0.9381 ± 0.0078,0.938079925347855,0.007837661694065237,0.8904 ± 0.0155,0.8903544548835658,0.015468505860166865,0.8561 ± 0.0203,0.8561242151382843,0.020344650815316216,0.9884 ± 0.0015,0.9883551249734409,0.001468550438309412,0.9229 ± 0.0126,0.9228787878787879,0.012603211281197778,0.9536 ± 0.0107,0.9536336301902177,0.010693053267842027,0.9229 ± 0.0126,0.9228787878787879,0.012603211281197778
vehicle0,Residual-Guided GMM,0.9381 ± 0.0069,0.938140267927502,0.006926081887804196,0.9508 ± 0.0090,0.9508021882626286,0.009014600939747845,0.9504 ± 0.0090,0.9504230151630271,0.008950302332470432,0.8811 ± 0.0133,0.8811262463232028,0.013252171646031385,0.8471 ± 0.0178,0.8470835446154857,0.017835661744833538,0.9884 ± 0.0020,0.9884017087384439,0.0020029423394303044,0.9748 ± 0.0134,0.9747643097643097,0.01337195330242621,0.9268 ± 0.0054,0.9268400667609473,0.00541209366091908,0.9748 ± 0.0134,0.9747643097643097,0.01337195330242621
page-blocks0,Original GB,0.9731 ± 0.0010,0.9730750487329435,0.001039152175269947,0.9158 ± 0.0002,0.9157638954730126,0.00016925578577871626,0.9129 ± 0.0001,0.9128596986413542,0.00011215185581497536,0.8648 ± 0.0042,0.8648041859956129,0.0042366041109040105,0.8503 ± 0.0051,0.8502836658099944,0.005052073984284891,0.9900 ± 0.0007,0.989974727085572,0.0006664073682815996,0.8437 ± 0.0011,0.8437403993855607,0.0010533293178274943,0.9878 ± 0.0013,0.9877873915604644,0.0012712497684298518,0.8437 ± 0.0011,0.8437403993855607,0.0010533293178274943
page-blocks0,Random US,0.9401 ± 0.0014,0.9400584795321638,0.0014273117097782396,0.9452 ± 0.0037,0.9452241351141565,0.0036523022299780254,0.9452 ± 0.0036,0.9451607934328381,0.003639101532676565,0.7654 ± 0.0020,0.7653700842390432,0.0020262096405189328,0.7518 ± 0.0006,0.7518110890449355,0.0006052102771511771,0.9847 ± 0.0011,0.9846819408985213,0.0010765579011891714,0.9517 ± 0.0099,0.9517153097798259,0.009941875993499709,0.9387 ± 0.0027,0.9387329604484872,0.00269423162221278,0.9517 ± 0.0099,0.9517153097798259,0.009941875993499709
page-blocks0,Cluster US,0.8163 ± 0.0065,0.8162768031189084,0.006513475116048999,0.8800 ± 0.0043,0.8799850832091384,0.004342841110153073,0.8762 ± 0.0046,0.8762095628853886,0.004559492280319765,0.5172 ± 0.0100,0.517244264825893,0.00995802772264964,0.5147 ± 0.0100,0.5147218196631808,0.010017771612182523,0.9517 ± 0.0057,0.9517014923490215,0.0057252671068474285,0.9601 ± 0.0021,0.9600507765830346,0.002082409772035778,0.7999 ± 0.0071,0.7999193898352422,0.007092573551202963,0.9601 ± 0.0021,0.9600507765830346,0.002082409772035778
page-blocks0,SMOTE,0.9644 ± 0.0019,0.9644249512670565,0.0019021070901553872,0.9416 ± 0.0072,0.9416196316121014,0.007199747770711969,0.9411 ± 0.0075,0.941102752871554,0.0074527103623360435,0.8399 ± 0.0095,0.8398567604188841,0.009547615146566537,0.8235 ± 0.0110,0.8234743386743831,0.011044893361514659,0.9885 ± 0.0021,0.9884898966573323,0.00209244080341672,0.9130 ± 0.0139,0.9129565625533367,0.013862915414890526,0.9703 ± 0.0005,0.9702827006708657,0.0005377846574791522,0.9130 ± 0.0139,0.9129565625533367,0.013862915414890526
page-blocks0,Residual-Guided GMM,0.9390 ± 0.0030,0.9389619883040936,0.003019501396538482,0.9473 ± 0.0054,0.9472553253959773,0.005415297358051145,0.9472 ± 0.0054,0.9471822332260388,0.005386904583884438,0.7626 ± 0.0108,0.7625817375706306,0.010831603040667218,0.7499 ± 0.0120,0.7498549799757184,0.01196782212126681,0.9871 ± 0.0003,0.9870861393725238,0.0003018633047760783,0.9577 ± 0.0084,0.9576762246117085,0.00844617982162304,0.9368 ± 0.0024,0.9368344261802459,0.0024115619056665856,0.9577 ± 0.0084,0.9576762246117085,0.00844617982162304
pima,Original GB,0.7513 ± 0.0069,0.7513020833333334,0.006889977372564046,0.7161 ± 0.0054,0.7160845771144279,0.005432863156674948,0.7056 ± 0.0048,0.7056393436131847,0.0047632114223545964,0.6267 ± 0.0071,0.6266839112401684,0.007051551343810407,0.4436 ± 0.0145,0.44358420182056424,0.014480814238215303,0.8182 ± 0.0068,0.8182189054726369,0.006756667677561064,0.5995 ± 0.0078,0.5995024875621889,0.007767410445769121,0.8327 ± 0.0117,0.8326666666666668,0.01171893055416464,0.5995 ± 0.0078,0.5995024875621889,0.007767410445769121
pima,Random US,0.7461 ± 0.0065,0.74609375,0.006510416666666741,0.7508 ± 0.0039,0.7507512437810946,0.003906695628772863,0.7490 ± 0.0039,0.7490419012932218,0.003931223100762805,0.6780 ± 0.0043,0.6779562003571918,0.004294040986009335,0.4840 ± 0.0093,0.48398977476082666,0.009253909489846075,0.8171 ± 0.0065,0.817139303482587,0.006481399493364889,0.7662 ± 0.0078,0.7661691542288557,0.007767410445769121,0.7353 ± 0.0133,0.7353333333333333,0.013316656236958798,0.7662 ± 0.0078,0.7661691542288557,0.007767410445769121
pima,Cluster US,0.7322 ± 0.0128,0.7322048611111112,0.012846049120615209,0.7254 ± 0.0143,0.7253681592039801,0.014273974320850688,0.7242 ± 0.0146,0.7242482203220506,0.01456033911421576,0.6467 ± 0.0170,0.6466683997325844,0.017009086254634705,0.4380 ± 0.0273,0.43796872510841617,0.027332938766468022,0.8107 ± 0.0130,0.8107363184079602,0.012969370614806344,0.7027 ± 0.0206,0.7027363184079602,0.020550636370470506,0.7480 ± 0.0111,0.7479999999999999,0.011135528725660053,0.7027 ± 0.0206,0.7027363184079602,0.020550636370470506
pima,SMOTE,0.7478 ± 0.0074,0.747829861111111,0.007403959248798644,0.7365 ± 0.0081,0.7365024875621891,0.008109167348395264,0.7352 ± 0.0082,0.7352234452408656,0.00818768454416257,0.6593 ± 0.0102,0.6592776800694783,0.010220761275765352,0.4626 ± 0.0162,0.46259896654026766,0.016162884200840968,0.8150 ± 0.0019,0.8150348258706468,0.0019299571332736473,0.6990 ± 0.0120,0.6990049751243781,0.01199459049874744,0.7740 ± 0.0072,0.774,0.007211102550927985,0.6990 ± 0.0120,0.6990049751243781,0.01199459049874744
pima,Residual-Guided GMM,0.7435 ± 0.0091,0.7434895833333334,0.009114583333333315,0.7519 ± 0.0098,0.7519253731343283,0.009821904861257152,0.7503 ± 0.0106,0.750272325873747,0.01060726295573414,0.6801 ± 0.0109,0.6800924959830695,0.010915074011981137,0.4845 ± 0.0170,0.48451962205947985,0.01696575124797844,0.8244 ± 0.0065,0.8243930348258707,0.006476689069229127,0.7799 ± 0.0208,0.7798507462686567,0.020775240159813545,0.7240 ± 0.0144,0.7239999999999999,0.01442220510185597,0.7799 ± 0.0208,0.7798507462686567,0.020775240159813545
abalone19,Original GB,0.9896 ± 0.0004,0.9896182718415588,0.0003659619625423614,0.4986 ± 0.0002,0.49863190085305004,0.00018439464409128397,0.0000 ± 0.0000,0.0,0.0,0.0000 ± 0.0000,0.0,0.0,-0.0044 ± 0.0004,-0.004379071229764021,0.0004079701194876578,0.7566 ± 0.0398,0.7565613431514566,0.03975730143608232,0.0000 ± 0.0000,0.0,0.0,0.9973 ± 0.0004,0.9972638017061001,0.00036878928818256793,0.0000 ± 0.0000,0.0,0.0
abalone19,Random US,0.6425 ± 0.0650,0.6424692541127616,0.06495548701016952,0.6235 ± 0.0242,0.6234659182359569,0.024197631727232452,0.6170 ± 0.0222,0.61703412964809,0.02224639300246463,0.0252 ± 0.0019,0.02524813123227469,0.0018983095696295132,0.0451 ± 0.0082,0.04508096355973501,0.008151800158073761,0.6278 ± 0.0214,0.6278342789312732,0.021437141776437373,0.6042 ± 0.1005,0.6041666666666666,0.10045469542700995,0.6428 ± 0.0662,0.6427651698052471,0.06616453953476771,0.6042 ± 0.1005,0.6041666666666666,0.10045469542700995
abalone19,Cluster US,0.7671 ± 0.0100,0.7671298514614279,0.010039447455561594,0.7018 ± 0.0406,0.7017820497344278,0.04064484871848307,0.6969 ± 0.0442,0.6969356931813241,0.04419913131651837,0.0410 ± 0.0057,0.040962118021692,0.005732548577198815,0.0840 ± 0.0174,0.08396952152225212,0.017373847704786907,0.7506 ± 0.0261,0.7506186624818927,0.026091998850037105,0.6354 ± 0.0722,0.6354166666666666,0.07216878364870323,0.7681 ± 0.0096,0.768147432802189,0.009588521492745191,0.6354 ± 0.0722,0.6354166666666666,0.07216878364870323
abalone19,SMOTE,0.9174 ± 0.0068,0.9174253314167066,0.006752256771738683,0.6173 ± 0.0236,0.617299412522131,0.023556786698688437,0.5207 ± 0.0701,0.5207044406007105,0.07009728724990531,0.0548 ± 0.0051,0.054770153118360844,0.0050765984301301735,0.0755 ± 0.0122,0.07545588239697135,0.012167335745632848,0.7516 ± 0.0474,0.7515793497505232,0.04743778551201649,0.3125 ± 0.0541,0.3125,0.05412658773652741,0.9221 ± 0.0072,0.922098825044262,0.007211962563410466,0.3125 ± 0.0541,0.3125,0.05412658773652741
abalone19,Residual-Guided GMM,0.7699 ± 0.0087,0.7699249321194698,0.00865250485914826,0.7445 ± 0.0269,0.7445351480766136,0.026874862792766015,0.7343 ± 0.0412,0.7342859704229134,0.041193224709754915,0.0450 ± 0.0033,0.044993651873075385,0.003290930698458269,0.1000 ± 0.0109,0.10000548517621695,0.010864216602939554,0.8081 ± 0.0085,0.8080989457588927,0.008450136413972083,0.7188 ± 0.0625,0.71875,0.0625,0.7703 ± 0.0092,0.7703202961532272,0.00918172123655119,0.7188 ± 0.0625,0.71875,0.0625
winequality-red-4,Original GB,0.9596 ± 0.0022,0.9595590842720068,0.002195262085107404,0.5233 ± 0.0155,0.5232717707922537,0.015516127501851397,0.2058 ± 0.0773,0.20584882870794421,0.07730284351497287,0.0796 ± 0.0387,0.07960811313509492,0.038712110424926345,0.0739 ± 0.0392,0.07385673020671253,0.039161990750061215,0.7163 ± 0.0222,0.716257468036252,0.022155612668216113,0.0560 ± 0.0323,0.0560303893637227,0.03228258838330372,0.9905 ± 0.0026,0.9905131522207848,0.002614134465929712,0.0560 ± 0.0323,0.0560303893637227,0.03228258838330372
winequality-red-4,Random US,0.6735 ± 0.0278,0.67351741760534,0.02783910954851406,0.6379 ± 0.0048,0.6379343070804908,0.004797864446437303,0.6291 ± 0.0114,0.629143157067989,0.011376102484026939,0.1084 ± 0.0031,0.10843181725536566,0.0031319791961070377,0.1053 ± 0.0030,0.10525671996340819,0.0030416085452231517,0.6877 ± 0.0136,0.6876766805615446,0.01356732385323035,0.5997 ± 0.0387,0.5997150997150996,0.03866544030809106,0.6762 ± 0.0301,0.676153514445882,0.030147669359221058,0.5997 ± 0.0387,0.5997150997150996,0.03866544030809106
winequality-red-4,Cluster US,0.5856 ± 0.0345,0.5855678973717146,0.03451672546245194,0.6196 ± 0.0290,0.6196042171139196,0.028987714457679083,0.6080 ± 0.0437,0.6079918733516118,0.0436913943652527,0.0950 ± 0.0132,0.0950125522257942,0.013188806944812321,0.0876 ± 0.0225,0.08758412471867129,0.022507734836659646,0.6823 ± 0.0047,0.6822813583809703,0.0047165481692302514,0.6560 ± 0.0266,0.655982905982906,0.026611882752520556,0.5832 ± 0.0349,0.5832255282449331,0.03493084497513229,0.6560 ± 0.0266,0.655982905982906,0.026611882752520556
winequality-red-4,SMOTE,0.9016 ± 0.0036,0.9016027847309136,0.0035559917649958758,0.5790 ± 0.0355,0.5789586274170146,0.03548288554727083,0.4558 ± 0.0730,0.4558076607395454,0.0730480748022803,0.1320 ± 0.0323,0.13196342651489648,0.0323333576630881,0.1012 ± 0.0399,0.10118999699313318,0.03991122453554451,0.6915 ± 0.0135,0.6914894793290655,0.013519461970106212,0.2334 ± 0.0772,0.23338081671415004,0.07722694194881728,0.9245 ± 0.0063,0.9245364381198792,0.006282364072588792,0.2334 ± 0.0772,0.23338081671415004,0.07722694194881728
winequality-red-4,Residual-Guided GMM,0.6395 ± 0.0268,0.639543700458907,0.026775383956741575,0.6535 ± 0.0405,0.6534829643389367,0.04054860590713752,0.6454 ± 0.0491,0.6454229869164263,0.049110490323124166,0.1101 ± 0.0103,0.1100592257087832,0.010305485185090755,0.1148 ± 0.0272,0.11478406345581223,0.02724594337708028,0.7179 ± 0.0291,0.7179054116311555,0.029126459500773482,0.6683 ± 0.1030,0.6683285849952517,0.10298449115398911,0.6386 ± 0.0304,0.6386373436826219,0.030437712408546574,0.6683 ± 0.1030,0.6683285849952517,0.10298449115398911
shuttle-2_vs_5,Original GB,1.0000 ± 0.0000,1.0,0.0,1.0000 ± 0.0000,1.0,0.0,1.0000 ± 0.0000,1.0,0.0,1.0000 ± 0.0000,1.0,0.0,1.0000 ± 0.0000,1.0,0.0,1.0000 ± 0.0000,1.0,0.0,1.0000 ± 0.0000,1.0,0.0,1.0000 ± 0.0000,1.0,0.0,1.0000 ± 0.0000,1.0,0.0
shuttle-2_vs_5,Random US,0.9951 ± 0.0068,0.9950743868114195,0.006785841910630359,0.9975 ± 0.0034,0.9974997083060689,0.003445000053144894,0.9975 ± 0.0035,0.997485363886159,0.0034686507012654144,0.9027 ± 0.1178,0.9027009222661396,0.1177949060187861,0.9135 ± 0.1017,0.9134894455229876,0.10169326313836205,1.0000 ± 0.0000,1.0,0.0,1.0000 ± 0.0000,1.0,0.0,0.9950 ± 0.0069,0.994999416612138,0.006890000106289788,1.0000 ± 0.0000,1.0,0.0
shuttle-2_vs_5,Cluster US,0.9919 ± 0.0071,0.9918576598311217,0.007065967740566962,0.9959 ± 0.0036,0.9958665033680344,0.003587071192241245,0.9958 ± 0.0036,0.9958405153491537,0.003609717368434475,0.8509 ± 0.1292,0.8508793356130924,0.12922346786459485,0.8701 ± 0.1126,0.8700720568864831,0.11257968698438044,1.0000 ± 0.0000,1.0,0.0,1.0000 ± 0.0000,1.0,0.0,0.9917 ± 0.0072,0.9917330067360686,0.007174142384482518,1.0000 ± 0.0000,1.0,0.0
shuttle-2_vs_5,SMOTE,1.0000 ± 0.0000,1.0,0.0,1.0000 ± 0.0000,1.0,0.0,1.0000 ± 0.0000,1.0,0.0,1.0000 ± 0.0000,1.0,0.0,1.0000 ± 0.0000,1.0,0.0,1.0000 ± 0.0000,1.0,0.0,1.0000 ± 0.0000,1.0,0.0,1.0000 ± 0.0000,1.0,0.0,1.0000 ± 0.0000,1.0,0.0
shuttle-2_vs_5,Residual-Guided GMM,1.0000 ± 0.0000,1.0,0.0,1.0000 ± 0.0000,1.0,0.0,1.0000 ± 0.0000,1.0,0.0,1.0000 ± 0.0000,1.0,0.0,1.0000 ± 0.0000,1.0,0.0,1.0000 ± 0.0000,1.0,0.0,1.0000 ± 0.0000,1.0,0.0,1.0000 ± 0.0000,1.0,0.0,1.0000 ± 0.0000,1.0,0.0
ecoli1,Original GB,0.8839 ± 0.0157,0.8839285714285715,0.015748519708717747,0.8400 ± 0.0199,0.8400004184581907,0.0199004396327108,0.8347 ± 0.0200,0.8346660407748273,0.020027952460636836,0.7487 ± 0.0302,0.7487184709635041,0.03023169140086194,0.6762 ± 0.0407,0.6761801426645272,0.04071106813273716,0.9410 ± 0.0005,0.940997482276552,0.0005293977480986134,0.7584 ± 0.0275,0.7584345479082323,0.027473330751060735,0.9216 ± 0.0124,0.9215662890081496,0.01236984862687012,0.7584 ± 0.0275,0.7584345479082323,0.027473330751060735
ecoli1,Random US,0.8720 ± 0.0060,0.8720238095238096,0.005952380952380931,0.8733 ± 0.0071,0.8732929521179215,0.007079468210761141,0.8717 ± 0.0080,0.871689682062486,0.00795322600693578,0.7579 ± 0.0049,0.7578569094731775,0.00488767284440907,0.6877 ± 0.0072,0.6876726725941972,0.007221232348050306,0.9061 ± 0.0146,0.9061062203810062,0.014610429759217664,0.8752 ± 0.0292,0.8751686909581645,0.029218131031863638,0.8714 ± 0.0161,0.8714172132776783,0.01608206796609556,0.8752 ± 0.0292,0.8751686909581645,0.029218131031863638
ecoli1,Cluster US,0.8651 ± 0.0304,0.865079365079365,0.030399907631040817,0.8457 ± 0.0501,0.8457348648903116,0.05006429877046835,0.8438 ± 0.0519,0.8437605894374861,0.0518879267442008,0.7355 ± 0.0606,0.7354717740642878,0.06061058335270997,0.6544 ± 0.0814,0.6543901418662048,0.08137946770636133,0.9060 ± 0.0508,0.9060065750243229,0.05077011187790961,0.8097 ± 0.0868,0.8097165991902834,0.08682522141876217,0.8818 ± 0.0145,0.8817531305903398,0.014510116047416807,0.8097 ± 0.0868,0.8097165991902834,0.08682522141876217
ecoli1,SMOTE,0.8859 ± 0.0034,0.8859126984126983,0.0034366087451763315,0.8670 ± 0.0092,0.8670074485557961,0.009179123754128191,0.8654 ± 0.0099,0.8653894961702564,0.009899010526967393,0.7690 ± 0.0086,0.7690487153728941,0.00856830850263415,0.6993 ± 0.0115,0.6992669511434664,0.011461166586124567,0.9425 ± 0.0083,0.9424569423957427,0.008298569298993027,0.8318 ± 0.0223,0.8317588843904634,0.022308914169615307,0.9023 ± 0.0059,0.9022560127211289,0.005920640432759494,0.8318 ± 0.0223,0.8317588843904634,0.022308914169615307
ecoli1,Residual-Guided GMM,0.8889 ± 0.0105,0.888888888888889,0.01045203745322694,0.8826 ± 0.0071,0.8826020776449172,0.007136574000196454,0.8817 ± 0.0063,0.8816623277329891,0.006334257503084091,0.7818 ± 0.0155,0.781792607344988,0.015495754313195059,0.7167 ± 0.0219,0.7167014317740671,0.021874962492230126,0.9546 ± 0.0066,0.9546018631850947,0.006550495397922698,0.8707 ± 0.0008,0.8706702654071075,0.0007791501608497048,0.8945 ± 0.0136,0.8945338898827271,0.01356527986634088,0.8707 ± 0.0008,0.8706702654071075,0.0007791501608497048
glass1,Original GB,0.7944 ± 0.0124,0.7943925233644861,0.012363323883479375,0.7667 ± 0.0083,0.7666857360793288,0.008259499552901516,0.7590 ± 0.0112,0.7589630359636663,0.011224012600828467,0.6979 ± 0.0108,0.6979419323438242,0.010789235132052735,0.5477 ± 0.0222,0.5477035265705962,0.022229322641653046,0.8451 ± 0.0083,0.8450928044749556,0.008326006352318845,0.6711 ± 0.0456,0.6710526315789475,0.045580284409707315,0.8623 ± 0.0403,0.8623188405797101,0.040346118571232055,0.6711 ± 0.0456,0.6710526315789475,0.045580284409707315
glass1,Random US,0.7290 ± 0.0124,0.7289719626168223,0.012363323883479417,0.7386 ± 0.0196,0.7386219171116197,0.019609146057127047,0.7372 ± 0.0181,0.7371836314965273,0.018085120551390596,0.6693 ± 0.0224,0.6693278163157682,0.02242596561143803,0.4590 ± 0.0360,0.45897344363284115,0.03600073491741734,0.8115 ± 0.0117,0.8115306381896771,0.01174950271893328,0.7719 ± 0.0532,0.7719298245614036,0.05317699847799185,0.7053 ± 0.0221,0.7053140096618358,0.022138046835535448,0.7719 ± 0.0532,0.7719298245614036,0.05317699847799185
glass1,Cluster US,0.7445 ± 0.0150,0.7445482866043612,0.015021262867590326,0.7507 ± 0.0019,0.75069921179761,0.0018643541032370358,0.7491 ± 0.0019,0.7491434974651567,0.0019435162117171659,0.6824 ± 0.0029,0.6823637233437484,0.00291441385118341,0.4846 ± 0.0074,0.4846138847118046,0.007412024772066437,0.8171 ± 0.0095,0.81709255021612,0.009454435820103932,0.7719 ± 0.0532,0.7719298245614036,0.05317699847799182,0.7295 ± 0.0524,0.7294685990338164,0.05242158071065386,0.7719 ± 0.0532,0.7719298245614036,0.05317699847799182
glass1,SMOTE,0.7773 ± 0.0338,0.7772585669781931,0.033804570738645984,0.7642 ± 0.0259,0.7642384947876938,0.02590254087238035,0.7620 ± 0.0250,0.7620123224007628,0.025041106429978255,0.6979 ± 0.0295,0.6979022770882222,0.029458137487351793,0.5246 ± 0.0577,0.5246460828274039,0.0577151531895216,0.8419 ± 0.0057,0.8419463513857107,0.005698798604934556,0.7193 ± 0.0331,0.7192982456140351,0.03311330892662608,0.8092 ± 0.0586,0.8091787439613527,0.05857176643952729,0.7193 ± 0.0331,0.7192982456140351,0.03311330892662608
glass1,Residual-Guided GMM,0.7695 ± 0.0189,0.7694704049844235,0.018885289179099905,0.7730 ± 0.0119,0.7729786422578185,0.011900062196517167,0.7723 ± 0.0122,0.7723333279515701,0.012151847860762384,0.7083 ± 0.0139,0.708314118090982,0.013872846394854055,0.5287 ± 0.0267,0.5286940632174507,0.026746598369023253,0.8518 ± 0.0072,0.851767098906687,0.007166480469140082,0.7851 ± 0.0274,0.7850877192982457,0.027390342098238547,0.7609 ± 0.0403,0.7608695652173912,0.04034611857123199,0.7851 ± 0.0274,0.7850877192982457,0.027390342098238547
